,Device,Time,Longitude,Latitude
1028730,337,2014-02-02 14:38:37.469001,41.7898555793305,12.258669623185
1028731,337,2014-02-02 14:38:37.469657,41.7898555793305,12.258669623185
1028751,337,2014-02-02 14:38:42.661034,41.7899588099992,12.2579474494251
1028806,337,2014-02-02 14:38:57.771357,41.7918380905826,12.2574832776963
1028854,337,2014-02-02 14:39:14.020301,41.7933154877394,12.2571677824993
1028897,337,2014-02-02 14:39:28.276448,41.7943242111289,12.2558221263021
1028941,337,2014-02-02 14:39:42.755798,41.7951160299359,12.253606904742
1028991,337,2014-02-02 14:39:58.474217,41.7950628904953,12.2516262635613
1029038,337,2014-02-02 14:40:13.134890,41.7945402309201,12.2508672067315
1029099,337,2014-02-02 14:40:31.780262,41.7937889893979,12.2496040756015
1029132,337,2014-02-02 14:40:42.674751,41.7915498193767,12.2500436511401
1029183,337,2014-02-02 14:40:59.378616,41.7916074068362,12.2534209737061
1029231,337,2014-02-02 14:41:14.216961,41.7894190030276,12.2557286966845
1029276,337,2014-02-02 14:41:27.814439,41.7865942636666,12.258466378249
1029326,337,2014-02-02 14:41:42.845371,41.7852629916567,12.261238706582
1029387,337,2014-02-02 14:42:01.577387,41.7864134469051,12.2648646156809
1029422,337,2014-02-02 14:42:13.281151,41.787870056697,12.268121651239
1029470,337,2014-02-02 14:42:27.762907,41.7895933523038,12.2720602742705
1029515,337,2014-02-02 14:42:42.645087,41.791633367677,12.2759315877677
1029570,337,2014-02-02 14:42:57.759215,41.7940328885359,12.2801885175364
1029619,337,2014-02-02 14:43:14.021753,41.7966014112358,12.2847967911936
1029671,337,2014-02-02 14:43:29.092921,41.7991701194351,12.2893814878501
1029713,337,2014-02-02 14:43:42.811122,41.8017521618801,12.2939967655618
1029756,337,2014-02-02 14:43:58.134511,41.804354364773,12.2986509130434
1029804,337,2014-02-02 14:44:12.964164,41.8069294780073,12.3032734962658
1029859,337,2014-02-02 14:44:27.770738,41.809347474916,12.3082242914667
1029903,337,2014-02-02 14:44:43.480943,41.8110488891713,12.3135495937304
1029971,337,2014-02-02 14:45:04.237446,41.811966464912,12.3193211704069
1029998,337,2014-02-02 14:45:12.687758,41.8124790752101,12.3250473132323
1030049,337,2014-02-02 14:45:27.826717,41.8129114790603,12.3302287361461
1030095,337,2014-02-02 14:45:42.749040,41.8133429457931,12.3348078630659
1030147,337,2014-02-02 14:46:00.423006,41.8137402210079,12.3393116362315
1030184,337,2014-02-02 14:46:13.106674,41.8141558147563,12.3439172131269
1030230,337,2014-02-02 14:46:28.728409,41.8145779615726,12.3482817474796
1030278,337,2014-02-02 14:46:44.262293,41.8150052471464,12.3527633243617
1030337,337,2014-02-02 14:47:01.719288,41.8154604707504,12.3576109580518
1030381,337,2014-02-02 14:47:17.386457,41.8157947792158,12.3623329861162
1030477,337,2014-02-02 14:47:46.768898,41.8166854182926,12.3726419618476
1030478,337,2014-02-02 14:47:46.769462,41.8166854182926,12.3726419618476
1030482,337,2014-02-02 14:47:47.995590,41.8166854182926,12.3726419618476
1030527,337,2014-02-02 14:48:02.963896,41.8171421587532,12.3775514594746
1030649,337,2014-02-02 14:48:42.170058,41.8175642263339,12.3827898532687
1030651,337,2014-02-02 14:48:42.545944,41.8184179807038,12.3919497680533
1030652,337,2014-02-02 14:48:42.546613,41.8184179807038,12.3919497680533
1030655,337,2014-02-02 14:48:43.516533,41.8184179807038,12.3919497680533
1030707,337,2014-02-02 14:48:59.593994,41.8188990565188,12.3968467360215
1030750,337,2014-02-02 14:49:13.962383,41.8192037385334,12.4009901221576
1030799,337,2014-02-02 14:49:29.240285,41.8192234275909,12.403708819472
1030854,337,2014-02-02 14:49:45.128069,41.8192143877987,12.4058949746387
1030902,337,2014-02-02 14:49:58.572354,41.8192204044749,12.4060090101049
1030953,337,2014-02-02 14:50:14.130943,41.8192204044749,12.4060090101049
1031009,337,2014-02-02 14:50:29.903018,41.8192204044749,12.4060090101049
1031054,337,2014-02-02 14:50:44.976709,41.8192204044749,12.4060090101049
1031105,337,2014-02-02 14:50:59.845708,41.8192204044749,12.4060090101049
1031150,337,2014-02-02 14:51:14.345549,41.8192204044749,12.4060090101049
1031195,337,2014-02-02 14:51:30.014008,41.8192204044749,12.4060090101049
1031241,337,2014-02-02 14:51:43.911507,41.8192204044749,12.4060090101049
1031288,337,2014-02-02 14:51:58.458798,41.8192276885122,12.4061339099344
1031335,337,2014-02-02 14:52:14.074914,41.8192276885122,12.4061339099344
1031383,337,2014-02-02 14:52:29.390175,41.8192276885122,12.4061339099344
1031432,337,2014-02-02 14:52:43.996471,41.8192276885122,12.4061339099344
1031477,337,2014-02-02 14:52:58.565839,41.8192276885122,12.4061339099344
1031534,337,2014-02-02 14:53:14.032434,41.8192276885122,12.4061339099344
1031582,337,2014-02-02 14:53:29.002598,41.8192276885122,12.4061339099344
1031629,337,2014-02-02 14:53:43.981295,41.8193202077628,12.4065518252154
1031681,337,2014-02-02 14:53:59.794168,41.8197762129747,12.4075876829009
1031724,337,2014-02-02 14:54:14.939691,41.8200346602595,12.4098678544838
1031772,337,2014-02-02 14:54:28.624873,41.8204044147069,12.4133033576068
1031854,337,2014-02-02 14:54:52.584148,41.8217861930655,12.4171184134107
1031877,337,2014-02-02 14:54:58.441336,41.8246000010979,12.4195506515556
1031926,337,2014-02-02 14:55:13.509540,41.8281208121163,12.4199601636427
1031978,337,2014-02-02 14:55:29.009933,41.8313822095367,12.4210884002031
1032023,337,2014-02-02 14:55:43.534656,41.8338575631577,12.4247674441195
1032080,337,2014-02-02 14:55:59.893531,41.833626610203,12.4295373679104
1032129,337,2014-02-02 14:56:13.495029,41.8317577574567,12.4339702098969
1032177,337,2014-02-02 14:56:28.484541,41.8313334166152,12.4389601496244
1032241,337,2014-02-02 14:56:44.770858,41.8327992204368,12.4437355398039
1032312,337,2014-02-02 14:57:03.641788,41.8352857115679,12.4479111266247
1032344,337,2014-02-02 14:57:13.559327,41.8381306265172,12.4509398328059
1032392,337,2014-02-02 14:57:28.614405,41.8406427532209,12.4534815146577
1032440,337,2014-02-02 14:57:43.501073,41.8402997793794,12.4559358925806
1032499,337,2014-02-02 14:57:59.267075,41.8400136921723,12.4563846005052
1032549,337,2014-02-02 14:58:14.990944,41.839768508706,12.4569270674388
1032601,337,2014-02-02 14:58:29.455901,41.8387487961089,12.4589538838471
1032654,337,2014-02-02 14:58:44.414875,41.8393320340904,12.4613958490939
1032702,337,2014-02-02 14:58:58.643813,41.8417288747991,12.4631193992497
1032757,337,2014-02-02 14:59:13.633036,41.8436141531462,12.4657151192295
1032813,337,2014-02-02 14:59:29.237676,41.8426887581178,12.4694011059823
1032874,337,2014-02-02 14:59:44.324163,41.8416440451548,12.4729368998809
1032923,337,2014-02-02 14:59:58.668983,41.8407159521455,12.4755283769794
1032984,337,2014-02-02 15:00:14.186236,41.8393019723284,12.4746059077353
1033032,337,2014-02-02 15:00:28.722289,41.8413742528716,12.4750403632704
1033091,337,2014-02-02 15:00:44.490873,41.8437276681075,12.4764493894763
1033145,337,2014-02-02 15:00:58.636186,41.845201245822,12.4783501194543
1033195,337,2014-02-02 15:01:13.530550,41.8465850901917,12.4796682248093
1033271,337,2014-02-02 15:01:33.403285,41.8481846164677,12.4819481853795
1033309,337,2014-02-02 15:01:45.078873,41.8499190650469,12.4844197632353
1033356,337,2014-02-02 15:01:58.447456,41.849969937919,12.4844842241733
1033414,337,2014-02-02 15:02:14.073241,41.849969937919,12.4844842241733
1033464,337,2014-02-02 15:02:28.578984,41.849969937919,12.4844842241733
1033519,337,2014-02-02 15:02:44.184353,41.8499722470967,12.4844896572002
1033567,337,2014-02-02 15:02:58.504707,41.8515224320538,12.4866212664016
1033624,337,2014-02-02 15:03:13.533302,41.8537838094397,12.4897558826098
1033678,337,2014-02-02 15:03:28.558878,41.8553166358433,12.4918606413661
1033741,337,2014-02-02 15:03:43.936870,41.856947475792,12.4942383262657
1033791,337,2014-02-02 15:03:58.626751,41.8583736320986,12.4962462635642
1033842,337,2014-02-02 15:04:13.605949,41.8584525529831,12.496347549298
1033898,337,2014-02-02 15:04:30.029532,41.8583773944065,12.4962789853308
1033944,337,2014-02-02 15:04:43.552051,41.8583838399389,12.496318663082
1034001,337,2014-02-02 15:05:00.599643,41.8583911817307,12.4963387878769
1034049,337,2014-02-02 15:05:15.046178,41.8590213431739,12.497169964294
1034101,337,2014-02-02 15:05:28.634161,41.8607995427993,12.4984119374485
1034162,337,2014-02-02 15:05:44.123742,41.8629435161072,12.4976934451226
1034213,337,2014-02-02 15:05:58.459138,41.8656494601154,12.496937720381
1034272,337,2014-02-02 15:06:13.636616,41.8670242150062,12.4965737509625
1034320,337,2014-02-02 15:06:29.125260,41.8674261134412,12.4964619177537
1034378,337,2014-02-02 15:06:46.146846,41.8703232075143,12.4963694870746
1034437,337,2014-02-02 15:07:02.009355,41.8735626609913,12.4966772175786
1034489,337,2014-02-02 15:07:14.232707,41.8759831600623,12.4960668325403
1034541,337,2014-02-02 15:07:28.645747,41.8782929680593,12.495329007754
1034594,337,2014-02-02 15:07:43.571902,41.8794614030127,12.4955413523141
1034644,337,2014-02-02 15:07:58.463478,41.8802153699115,12.4955761885248
1034696,337,2014-02-02 15:08:13.633552,41.8812303745375,12.494016674883
1034753,337,2014-02-02 15:08:28.641262,41.8814612059438,12.49370748214
1034803,337,2014-02-02 15:08:43.912793,41.8823749833979,12.4922758454456
1034864,337,2014-02-02 15:09:00.126176,41.8838561205152,12.490012565497
1034912,337,2014-02-02 15:09:14.192144,41.8846269929753,12.4895527017919
1034963,337,2014-02-02 15:09:28.627568,41.8846144269584,12.4895660261118
1035020,337,2014-02-02 15:09:44.085225,41.8846109102365,12.4895728183014
1035070,337,2014-02-02 15:09:58.971054,41.8850905566465,12.4889281186827
1035126,337,2014-02-02 15:10:14.379461,41.8860858804247,12.4871078645772
1035174,337,2014-02-02 15:10:28.645906,41.8872382727656,12.4849342379001
1035236,337,2014-02-02 15:10:45.413586,41.8880814552518,12.4835046792639
1035258,337,2014-02-02 15:10:49.838762,41.8880814552518,12.4835046792639
1035286,337,2014-02-02 15:10:58.633841,41.88813832992,12.4834377904452
1035349,337,2014-02-02 15:11:15.951723,41.8881478437144,12.4834400892084
1035388,337,2014-02-02 15:11:28.568100,41.8889795143266,12.4818894065602
1035441,337,2014-02-02 15:11:43.714892,41.8891971628016,12.4813814894181
1035525,337,2014-02-02 15:12:06.711724,41.8905275598456,12.480669058006
1035547,337,2014-02-02 15:12:13.550088,41.8919665400497,12.4803026774693
1035646,337,2014-02-02 15:12:43.518930,41.8939618086103,12.4819319249516
1035647,337,2014-02-02 15:12:43.519664,41.8939618086103,12.4819319249516
1035651,337,2014-02-02 15:12:44.841561,41.8939618086103,12.4819319249516
1035708,337,2014-02-02 15:12:59.922461,41.8951197708424,12.4820949091835
1035754,337,2014-02-02 15:13:14.791885,41.8956468124769,12.4825283670327
1035813,337,2014-02-02 15:13:29.835746,41.8963869591203,12.482480591591
1035868,337,2014-02-02 15:13:46.583446,41.8964734772968,12.4811203338635
1035922,337,2014-02-02 15:14:00.948334,41.8964734772968,12.4811203338635
1035996,337,2014-02-02 15:14:20.770295,41.8962788830495,12.4802657098057
1036026,337,2014-02-02 15:14:29.917570,41.8960523769783,12.479115797003
1036082,337,2014-02-02 15:14:45.367682,41.8962046357811,12.4763746665211
1036133,337,2014-02-02 15:15:00.590375,41.8962046357811,12.4763746665211
1036184,337,2014-02-02 15:15:14.865536,41.8970567357245,12.4764239669954
1036243,337,2014-02-02 15:15:31.416314,41.8974934626195,12.4766373197751
1036295,337,2014-02-02 15:15:45.982651,41.8975789719933,12.4768781537437
1036351,337,2014-02-02 15:16:01.024862,41.8978259817493,12.477357469017
1036401,337,2014-02-02 15:16:15.238315,41.897821173769,12.4777617410603
1036451,337,2014-02-02 15:16:30.526414,41.897821173769,12.4777617410603
1036458,337,2014-02-02 15:16:32.793395,41.8880814552518,12.4835046792639
1036508,337,2014-02-02 15:16:46.116225,41.897821173769,12.4777617410603
1036564,337,2014-02-02 15:16:59.803286,41.8976592734351,12.4784333545967
1036624,337,2014-02-02 15:17:17.358701,41.8976384508659,12.4794849543689
1036678,337,2014-02-02 15:17:31.210479,41.8980254175765,12.4807099992725
1036739,337,2014-02-02 15:17:48.675217,41.8984575662755,12.480946191925
1036780,337,2014-02-02 15:18:00.583635,41.8990567284744,12.4805890132874
1036835,337,2014-02-02 15:18:14.930312,41.8993208438778,12.4804180071424
1036881,337,2014-02-02 15:18:29.903420,41.8993962086049,12.4804725489481
1036945,337,2014-02-02 15:18:46.388540,41.8993962086049,12.4804725489481
1036995,337,2014-02-02 15:19:00.399996,41.8995697375567,12.4802480201884
1037052,337,2014-02-02 15:19:14.988591,41.8992257910996,12.4797204161848
1037109,337,2014-02-02 15:19:31.260172,41.8995061238288,12.4795151064056
1037159,337,2014-02-02 15:19:45.234061,41.8998937469616,12.4796785073242
1037214,337,2014-02-02 15:20:00.426770,41.900396902348,12.4796450124356
1037270,337,2014-02-02 15:20:16.138243,41.9006456459676,12.4797763092159
1037327,337,2014-02-02 15:20:30.325883,41.9006530669579,12.4806078395943
1037393,337,2014-02-02 15:20:46.156864,41.9003279988949,12.4808097203761
1037440,337,2014-02-02 15:21:00.327131,41.901122620929,12.4803213947168
1037497,337,2014-02-02 15:21:15.236815,41.9018801428839,12.4814426453706
1037549,337,2014-02-02 15:21:30.348505,41.9020736670856,12.4823880142548
1037609,337,2014-02-02 15:21:45.678979,41.9026869947235,12.4847208281321
1037665,337,2014-02-02 15:22:01.166691,41.902816139034,12.4853129069075
1037715,337,2014-02-02 15:22:14.889772,41.902816139034,12.4853129069075
1037778,337,2014-02-02 15:22:30.758383,41.902816139034,12.4853129069075
1037830,337,2014-02-02 15:22:44.930498,41.9030038339184,12.4860493168418
1037886,337,2014-02-02 15:22:59.951942,41.9036118627707,12.4885496195635
1037941,337,2014-02-02 15:23:14.803220,41.9038796606313,12.489472272492
1037999,337,2014-02-02 15:23:31.410361,41.9041541699624,12.4902011028322
1038051,337,2014-02-02 15:23:46.085245,41.9047990511899,12.4922520171951
1038104,337,2014-02-02 15:23:59.972118,41.9048744406162,12.4933091574147
1038158,337,2014-02-02 15:24:14.911726,41.9048744406162,12.4933091574147
1038221,337,2014-02-02 15:24:30.410578,41.9048744406162,12.4933091574147
1038271,337,2014-02-02 15:24:45.421550,41.9046051531302,12.4940443871321
1038328,337,2014-02-02 15:25:00.504225,41.9044889892454,12.4942179732763
1038383,337,2014-02-02 15:25:15.179433,41.9042750185222,12.4945743978623
1038437,337,2014-02-02 15:25:29.802371,41.9036421306049,12.4951542767186
1038490,337,2014-02-02 15:25:46.001361,41.9033686359245,12.4955344857988
1038544,337,2014-02-02 15:25:59.901341,41.9025124820702,12.4961720212214
1038601,337,2014-02-02 15:26:14.987614,41.9022804601356,12.4968393172035
1038659,337,2014-02-02 15:26:30.247399,41.9014235681884,12.497691811555
1038715,337,2014-02-02 15:26:45.391647,41.9008353917378,12.4984761632543
1038769,337,2014-02-02 15:26:59.998933,41.9003907518201,12.4991210953912
1038823,337,2014-02-02 15:27:14.939842,41.9003907518201,12.4991210953912
1038878,337,2014-02-02 15:27:29.988065,41.9003907518201,12.4991210953912
1038938,337,2014-02-02 15:27:47.916372,41.900458093888,12.4992624883358
1038987,337,2014-02-02 15:28:00.281592,41.8997905655285,12.4986787357902
1039054,337,2014-02-02 15:28:18.076077,41.8987462160817,12.4984625136797
1039099,337,2014-02-02 15:28:29.900155,41.8985247002292,12.4990555649451
1039154,337,2014-02-02 15:28:45.428033,41.8985247002292,12.4990555649451
1039213,337,2014-02-02 15:29:01.002554,41.8985206939901,12.4992288905417
1039268,337,2014-02-02 15:29:15.004083,41.8985206939901,12.4992288905417
1039323,337,2014-02-02 15:29:29.985905,41.8984376999925,12.4993146470521
1039381,337,2014-02-02 15:29:45.405014,41.897738411324,12.5004738944653
1039442,337,2014-02-02 15:30:00.744377,41.8966798888713,12.5021053165017
1039496,337,2014-02-02 15:30:14.940752,41.89657472509,12.5022578164694
1039554,337,2014-02-02 15:30:29.819581,41.896307259839,12.5026868493481
1039621,337,2014-02-02 15:30:45.457386,41.8956413418553,12.5031965087943
1039681,337,2014-02-02 15:31:01.739639,41.8953410199063,12.5028627347381
1039732,337,2014-02-02 15:31:14.995079,41.8946778773799,12.5027481901117
1039787,337,2014-02-02 15:31:29.980909,41.894328117014,12.5034687276008
1039855,337,2014-02-02 15:31:48.687620,41.8935689345927,12.5047964819064
1039901,337,2014-02-02 15:31:59.925025,41.8934260632737,12.5053411927545
1039964,337,2014-02-02 15:32:15.562901,41.8934216500006,12.5063409356882
1040021,337,2014-02-02 15:32:30.258324,41.8927667828381,12.5074308915157
1040081,337,2014-02-02 15:32:46.850092,41.8918460569047,12.5092924171484
1040134,337,2014-02-02 15:32:59.803178,41.8905913957531,12.5115634830496
1040192,337,2014-02-02 15:33:14.832635,41.8905719913623,12.5115951703831
1040216,337,2014-02-02 15:33:22.001527,41.8880814552518,12.4835046792639
1040255,337,2014-02-02 15:33:29.911111,41.8905713250757,12.5116025745389
1040321,337,2014-02-02 15:33:49.236709,41.8905397875067,12.5116635618822
1040366,337,2014-02-02 15:34:00.603418,41.8894327480594,12.5136422673777
1040428,337,2014-02-02 15:34:14.808648,41.889762192266,12.5147848494677
1040490,337,2014-02-02 15:34:31.303198,41.890594489375,12.5150398552448
1040551,337,2014-02-02 15:34:45.249668,41.890939301182,12.516015443874
1040607,337,2014-02-02 15:34:59.940404,41.8910549001561,12.5160567018201
1040665,337,2014-02-02 15:35:14.990721,41.8910559937118,12.516053721838
1040725,337,2014-02-02 15:35:29.802402,41.8910444627812,12.5160685983392
1040786,337,2014-02-02 15:35:45.220035,41.8910323538604,12.5160755874725
1040843,337,2014-02-02 15:35:59.940891,41.8911015059094,12.5159325489724
1040907,337,2014-02-02 15:36:14.947603,41.8913420481335,12.5158824713556
1040960,337,2014-02-02 15:36:30.224593,41.8913505998557,12.5158720188655
1041029,337,2014-02-02 15:36:45.221131,41.8913555829728,12.5158748059457
1041085,337,2014-02-02 15:36:59.861088,41.8913555829728,12.5158748059457
1041140,337,2014-02-02 15:37:15.900125,41.8913555829728,12.5158748059457
1041204,337,2014-02-02 15:37:30.899060,41.891611562543,12.516001573204
1041265,337,2014-02-02 15:37:45.302970,41.8920876403002,12.5156451374593
1041322,337,2014-02-02 15:38:01.518087,41.8921526168731,12.5147646953349
1041376,337,2014-02-02 15:38:14.858618,41.8918387263261,12.5145081038226
1041436,337,2014-02-02 15:38:30.366984,41.8918797051791,12.5143975764658
1041496,337,2014-02-02 15:38:46.003997,41.8918805507762,12.51434624863
1041550,337,2014-02-02 15:39:00.306676,41.891876768475,12.5143417637112
1041604,337,2014-02-02 15:39:14.991651,41.891929075655,12.5140914638673
1041662,337,2014-02-02 15:39:30.645925,41.8924514701985,12.5123760943695
1041728,337,2014-02-02 15:39:45.708510,41.892944888346,12.5108700323132
1041785,337,2014-02-02 15:40:01.165810,41.8931540351144,12.5101682250384
1041839,337,2014-02-02 15:40:14.991991,41.8931545313098,12.5101621920638
1041896,337,2014-02-02 15:40:30.545011,41.8931585379333,12.5101538165203
1041952,337,2014-02-02 15:40:45.892821,41.893231141288,12.5099945286277
1042009,337,2014-02-02 15:40:59.937464,41.8933971188541,12.5100122908125
1042066,337,2014-02-02 15:41:14.940776,41.8943208550161,12.5107323245952
1042120,337,2014-02-02 15:41:29.805992,41.8948468366755,12.509945412503
1042178,337,2014-02-02 15:41:44.995894,41.8950788614174,12.5094980497435
1042237,337,2014-02-02 15:42:00.146933,41.8952965080542,12.509523279917
1042294,337,2014-02-02 15:42:14.993879,41.8969098641994,12.5115186396403
1042353,337,2014-02-02 15:42:30.311687,41.8975982466482,12.5128219983166
1042410,337,2014-02-02 15:42:46.498568,41.8983382013456,12.5143371954395
1042477,337,2014-02-02 15:43:01.705399,41.898499117625,12.5146610982732
1042530,337,2014-02-02 15:43:14.988848,41.8987306508702,12.5150700321746
1042585,337,2014-02-02 15:43:30.660808,41.8994493042873,12.5162786788123
1042638,337,2014-02-02 15:43:44.942834,41.9000012320598,12.5173660651858
1042699,337,2014-02-02 15:43:59.993198,41.9016047706711,12.5187695004316
1042753,337,2014-02-02 15:44:14.985065,41.9025529533388,12.5193649334584
1042818,337,2014-02-02 15:44:30.613312,41.9025624843769,12.5193579127983
1042877,337,2014-02-02 15:44:45.749508,41.9025634615247,12.5193591548585
1042933,337,2014-02-02 15:45:01.325946,41.9025641845086,12.5193601270034
1042983,337,2014-02-02 15:45:14.988988,41.9025641845086,12.5193601270034
1043041,337,2014-02-02 15:45:30.404780,41.9026300654967,12.5193772993959
1043100,337,2014-02-02 15:45:44.939149,41.9038886487464,12.5179616236569
1043159,337,2014-02-02 15:45:59.901932,41.9052036595405,12.5163032387654
1043213,337,2014-02-02 15:46:14.945746,41.9061036069427,12.5151812214597
1043273,337,2014-02-02 15:46:30.868284,41.9076377193076,12.5132413323303
1043329,337,2014-02-02 15:46:46.088541,41.9091068499139,12.511415665745
1043386,337,2014-02-02 15:46:59.976848,41.9103460941135,12.5098706253512
1043442,337,2014-02-02 15:47:14.987996,41.9113823987542,12.5090924582966
1043504,337,2014-02-02 15:47:32.560769,41.9126820919057,12.5094515340671
1043556,337,2014-02-02 15:47:44.991756,41.913330805634,12.5096463820705
1043610,337,2014-02-02 15:47:59.945759,41.9139115599406,12.5089556794453
1043662,337,2014-02-02 15:48:14.987601,41.9139349556799,12.5089105699413
1043725,337,2014-02-02 15:48:30.167603,41.9139447389311,12.5089010653153
1043782,337,2014-02-02 15:48:45.438253,41.9139717931713,12.5088997809625
1043838,337,2014-02-02 15:49:00.367430,41.9144707680988,12.5084209859901
1043887,337,2014-02-02 15:49:14.952847,41.9157673750937,12.5068694199184
1044006,337,2014-02-02 15:49:45.970776,41.917109665823,12.5057377831713
1044007,337,2014-02-02 15:49:46.521383,41.9191975977345,12.5075373038408
1044008,337,2014-02-02 15:49:46.522089,41.9191975977345,12.5075373038408
1044040,337,2014-02-02 15:49:55.401787,41.9191975977345,12.5075373038408
1044067,337,2014-02-02 15:50:02.675828,41.9200778688079,12.5087807795123
1044121,337,2014-02-02 15:50:18.019598,41.920121693315,12.5088644362006
1044175,337,2014-02-02 15:50:33.445159,41.9209698694416,12.5099869940045
1044230,337,2014-02-02 15:50:48.322333,41.9223367238133,12.5114393742634
1044283,337,2014-02-02 15:51:03.178567,41.9229408305615,12.5119097716178
1044337,337,2014-02-02 15:51:17.668094,41.9231281083783,12.512270225385
1044393,337,2014-02-02 15:51:32.663579,41.9233232525752,12.5126761795193
1044453,337,2014-02-02 15:51:47.624289,41.9233719603254,12.51263969222
1044515,337,2014-02-02 15:52:02.558925,41.9240248708943,12.5115363003394
1044570,337,2014-02-02 15:52:18.702394,41.924674801447,12.5108274507211
1044624,337,2014-02-02 15:52:33.988963,41.9246880057704,12.5108421843922
1044680,337,2014-02-02 15:52:48.111631,41.9248509874369,12.5110814654417
1044737,337,2014-02-02 15:53:03.096364,41.9246895357663,12.5120455134694
1044792,337,2014-02-02 15:53:18.394575,41.9246927995562,12.513808041444
1044847,337,2014-02-02 15:53:32.650547,41.925703297013,12.5130489515286
1044914,337,2014-02-02 15:53:50.866310,41.926229553978,12.5130218662906
1044958,337,2014-02-02 15:54:04.319009,41.9262087591378,12.5137850620649
1045007,337,2014-02-02 15:54:17.754522,41.925719332706,12.5140778034797
1045071,337,2014-02-02 15:54:34.015002,41.9257118030995,12.5141115841934
1045120,337,2014-02-02 15:54:47.571430,41.9255089748063,12.5147461826846
1045178,337,2014-02-02 15:55:04.449851,41.9246481040779,12.5152963675811
1045231,337,2014-02-02 15:55:17.673337,41.9244259056527,12.5155991790343
1045288,337,2014-02-02 15:55:32.651032,41.9239852153603,12.5153234788267
1045345,337,2014-02-02 15:55:48.771272,41.9242352401989,12.5162122677627
1045402,337,2014-02-02 15:56:02.930778,41.9254498727006,12.5168402117369
1045673,337,2014-02-02 15:57:17.775711,41.9252426802356,12.5218989947194
1045674,337,2014-02-02 15:57:17.783413,41.9252426802356,12.5218989947194
1045681,337,2014-02-02 15:57:19.095628,41.9250780691259,12.5217856076988
1045745,337,2014-02-02 15:57:35.382068,41.923895156201,12.520555367246
1045794,337,2014-02-02 15:57:49.150869,41.9227892169215,12.5193604305479
1045860,337,2014-02-02 15:58:04.470317,41.9220529307468,12.5184401691102
1045916,337,2014-02-02 15:58:19.146374,41.9214573477765,12.5178149571082
1045975,337,2014-02-02 15:58:34.014787,41.9206580216158,12.5172893212578
1046047,337,2014-02-02 15:58:50.598094,41.9202287861532,12.5170554158968
1046097,337,2014-02-02 15:59:05.066637,41.9201735374718,12.5169336187709
1046150,337,2014-02-02 15:59:19.317984,41.9201278829174,12.5169347692035
1046202,337,2014-02-02 15:59:34.471835,41.9201278829174,12.5169347692035
1046272,337,2014-02-02 15:59:51.234656,41.9201353271882,12.5169373800501
1046324,337,2014-02-02 16:00:04.535596,41.9201363924538,12.5169371391667
1046377,337,2014-02-02 16:00:19.158168,41.9201401572034,12.5169394680531
1046429,337,2014-02-02 16:00:35.273759,41.9198788657294,12.5167749938223
1046492,337,2014-02-02 16:00:50.143898,41.9187778090022,12.515218867795
1046546,337,2014-02-02 16:01:04.556074,41.9178618886937,12.513783349429
1046600,337,2014-02-02 16:01:19.712843,41.917600048645,12.5133356501099
1046655,337,2014-02-02 16:01:34.066076,41.917600048645,12.5133356501099
1046717,337,2014-02-02 16:01:50.119484,41.9175462053928,12.5132549145916
1046776,337,2014-02-02 16:02:05.590626,41.9165036937911,12.511880994522
1046820,337,2014-02-02 16:02:19.084138,41.9150803989203,12.5097658863425
1046883,337,2014-02-02 16:02:34.082728,41.9139377795251,12.5080367112317
1046972,337,2014-02-02 16:02:59.067439,41.9131940276742,12.5069816656165
1046994,337,2014-02-02 16:03:04.149597,41.9130066193505,12.5067055910851
1047054,337,2014-02-02 16:03:19.107345,41.9117789905033,12.5049508609192
1047115,337,2014-02-02 16:03:36.086020,41.9110023613786,12.503694703887
1047345,337,2014-02-02 16:04:39.613848,41.9103477929986,12.4997312710599
1047346,337,2014-02-02 16:04:39.614571,41.9103477929986,12.4997312710599
1047357,337,2014-02-02 16:04:43.016064,41.9103455098322,12.4997337332007
1047415,337,2014-02-02 16:04:58.498262,41.9108897191575,12.498644679759
1047427,337,2014-02-02 16:05:00.609512,41.9108897191575,12.498644679759
1047469,337,2014-02-02 16:05:13.059077,41.9108828211945,12.4984602379072
1047524,337,2014-02-02 16:05:28.611620,41.9109249222535,12.4984478159009
1047578,337,2014-02-02 16:05:43.860317,41.9109427703231,12.498485172323
1047635,337,2014-02-02 16:05:58.895767,41.9109427703231,12.498485172323
1047689,337,2014-02-02 16:06:12.949560,41.9109409766395,12.4984798613211
1047745,337,2014-02-02 16:06:28.243515,41.9109400009084,12.4984794185727
1047804,337,2014-02-02 16:06:43.860450,41.9109400009084,12.4984794185727
1047869,337,2014-02-02 16:06:58.247687,41.9109400009084,12.4984794185727
1047924,337,2014-02-02 16:07:14.297057,41.9109400009084,12.4984794185727
1047977,337,2014-02-02 16:07:28.978864,41.910936869956,12.4984718234742
1048034,337,2014-02-02 16:07:43.249850,41.910936869956,12.4984718234742
1048089,337,2014-02-02 16:07:58.897536,41.910936869956,12.4984718234742
1048155,337,2014-02-02 16:08:13.322144,41.910936869956,12.4984718234742
1048217,337,2014-02-02 16:08:28.252901,41.910936869956,12.4984718234742
1048271,337,2014-02-02 16:08:43.859866,41.910936869956,12.4984718234742
1048331,337,2014-02-02 16:08:58.258230,41.9109342525578,12.4984675915775
1048389,337,2014-02-02 16:09:13.938488,41.9109342525578,12.4984675915774
1048442,337,2014-02-02 16:09:28.980505,41.9109342525578,12.4984675915774
1048498,337,2014-02-02 16:09:43.262605,41.9109342525578,12.4984675915774
1048556,337,2014-02-02 16:09:58.900826,41.9109312396294,12.4984568327704
1048613,337,2014-02-02 16:10:12.959582,41.9109224031435,12.4984517177068
1048670,337,2014-02-02 16:10:28.245721,41.9109224031435,12.4984517177068
1048729,337,2014-02-02 16:10:43.850851,41.9109224031435,12.4984517177068
1048788,337,2014-02-02 16:10:58.348112,41.9109224031435,12.4984517177068
1048841,337,2014-02-02 16:11:13.247029,41.9109224031435,12.4984517177068
1048902,337,2014-02-02 16:11:28.970490,41.9109182419216,12.4984511871171
1048952,337,2014-02-02 16:11:43.248371,41.9109182419216,12.4984511871171
1049015,337,2014-02-02 16:11:58.270436,41.9109182419216,12.4984511871171
1049071,337,2014-02-02 16:12:13.931545,41.9109182419216,12.4984511871171
1049123,337,2014-02-02 16:12:28.245078,41.9109182419216,12.4984511871171
1049185,337,2014-02-02 16:12:44.210110,41.9109182419216,12.4984511871171
1049235,337,2014-02-02 16:12:57.978238,41.9109170629561,12.4984504955503
1049290,337,2014-02-02 16:13:13.390522,41.9109170629561,12.4984504955503
1049350,337,2014-02-02 16:13:28.306549,41.9109170629561,12.4984504955503
1049399,337,2014-02-02 16:13:43.452452,41.9109170629561,12.4984504955503
1049461,337,2014-02-02 16:13:58.358532,41.9109170629561,12.4984504955503
1049515,337,2014-02-02 16:14:14.061390,41.9109170629561,12.4984504955503
1049568,337,2014-02-02 16:14:28.327924,41.9109170629561,12.4984504955503
1049623,337,2014-02-02 16:14:43.421261,41.9109170629561,12.4984504955503
1049682,337,2014-02-02 16:14:58.928790,41.9109134548283,12.498450097777
1049737,337,2014-02-02 16:15:13.407705,41.9109134548283,12.498450097777
1049789,337,2014-02-02 16:15:29.092252,41.910913591137,12.4984506433301
1049844,337,2014-02-02 16:15:43.246473,41.9108993668982,12.4984417478907
1049894,337,2014-02-02 16:15:58.270264,41.9108993668982,12.4984417478907
1049953,337,2014-02-02 16:16:13.939971,41.9108993668982,12.4984417478907
1050000,337,2014-02-02 16:16:28.453455,41.9108993668982,12.4984417478907
1050061,337,2014-02-02 16:16:43.256047,41.9108993668982,12.4984417478907
1050118,337,2014-02-02 16:16:57.838555,41.9108993668982,12.4984417478907
1050179,337,2014-02-02 16:17:13.278940,41.9108993668982,12.4984417478907
1050206,337,2014-02-02 16:17:21.288703,41.9108993668982,12.4984417478907
1050233,337,2014-02-02 16:17:27.832079,41.9108775984784,12.4984354576183
1050290,337,2014-02-02 16:17:43.281665,41.9110011053926,12.4986795885641
1050343,337,2014-02-02 16:17:58.740807,41.9116399117979,12.498893553702
1050396,337,2014-02-02 16:18:12.972224,41.9120730032664,12.4995816874903
1050455,337,2014-02-02 16:18:28.785464,41.9131952452245,12.5017997921183
1050509,337,2014-02-02 16:18:43.580647,41.9137919675225,12.5032848764435
1050571,337,2014-02-02 16:18:59.809784,41.914376534515,12.5041140891369
1050616,337,2014-02-02 16:19:12.880774,41.914376534515,12.5041140891369
1050684,337,2014-02-02 16:19:31.659748,41.9147044148221,12.5044031817876
1050728,337,2014-02-02 16:19:44.028072,41.9155322086911,12.5033154212147
1050780,337,2014-02-02 16:19:57.957200,41.9155614424902,12.5032622285188
1050836,337,2014-02-02 16:20:13.927688,41.9167685034562,12.5017431700086
1050888,337,2014-02-02 16:20:28.488246,41.9186264111344,12.4994489846183
1050977,337,2014-02-02 16:20:53.632468,41.9193225536366,12.4985475586994
1050978,337,2014-02-02 16:20:53.633107,41.9193225536366,12.4985475586994
1050983,337,2014-02-02 16:20:54.686135,41.9193225536366,12.4985475586994
1051040,337,2014-02-02 16:21:10.282484,41.9193225536366,12.4985475586994
1051101,337,2014-02-02 16:21:25.986796,41.9193225536366,12.4985475586994
1051153,337,2014-02-02 16:21:40.104198,41.9201543966236,12.4975640471749
1051201,337,2014-02-02 16:21:54.747487,41.9214996560367,12.4948954109312
1051260,337,2014-02-02 16:22:10.119303,41.9225693242761,12.4920029853675
1051327,337,2014-02-02 16:22:25.693827,41.9240784374777,12.4904165483631
1051380,337,2014-02-02 16:22:39.730934,41.9249942146773,12.4895342814274
1051432,337,2014-02-02 16:22:54.740650,41.9258311788594,12.4894603695951
1051496,337,2014-02-02 16:23:10.372151,41.9279278943284,12.4905711828261
1051603,337,2014-02-02 16:23:39.265717,41.9292959520174,12.4903058754244
1051606,337,2014-02-02 16:23:39.890000,41.9296565225473,12.4901832392359
1051654,337,2014-02-02 16:23:51.483060,41.9108993668982,12.4984417478907
1051670,337,2014-02-02 16:23:54.705184,41.9296565225473,12.4901832392359
1051728,337,2014-02-02 16:24:09.730883,41.9301919808444,12.4900322410578
1051793,337,2014-02-02 16:24:25.189013,41.9293010368501,12.4893989274684
1051854,337,2014-02-02 16:24:40.562605,41.9287570120919,12.4894089012565
1051912,337,2014-02-02 16:24:54.731841,41.9280586510684,12.4899660426623
1051970,337,2014-02-02 16:25:10.659394,41.9276146393916,12.4913274686464
1052029,337,2014-02-02 16:25:25.845772,41.9273498923288,12.4920942440956
1052092,337,2014-02-02 16:25:41.667950,41.9269713164621,12.4932149036119
1052145,337,2014-02-02 16:25:54.789517,41.9255022313583,12.4933498053605
1052204,337,2014-02-02 16:26:09.740115,41.9242073230884,12.4928387094281
1052268,337,2014-02-02 16:26:27.007825,41.9232375513457,12.4925286768613
1052317,337,2014-02-02 16:26:40.050645,41.922981202083,12.492538326441
1052381,337,2014-02-02 16:26:56.528579,41.922981202083,12.492538326441
1052432,337,2014-02-02 16:27:10.131815,41.922981202083,12.492538326441
1052493,337,2014-02-02 16:27:25.807029,41.9229291036734,12.4925715872125
1052551,337,2014-02-02 16:27:40.154969,41.9222113848005,12.4923354818259
1052610,337,2014-02-02 16:27:56.816458,41.9210075426373,12.4922989329834
1052652,337,2014-02-02 16:28:08.419774,41.9108993668982,12.4984417478907
1052660,337,2014-02-02 16:28:10.080267,41.9208022432919,12.492117958268
1052723,337,2014-02-02 16:28:25.149780,41.9206054312107,12.4917984402553
1052777,337,2014-02-02 16:28:39.962171,41.9190473363232,12.4904582088301
1052841,337,2014-02-02 16:28:54.706919,41.9183635229487,12.4914332541825
1052902,337,2014-02-02 16:29:10.969666,41.9182819174362,12.491594949346
1052963,337,2014-02-02 16:29:26.185514,41.9175338384816,12.4928332435073
1053039,337,2014-02-02 16:29:45.111023,41.9163265381083,12.494118591467
1053086,337,2014-02-02 16:29:56.007840,41.914613258861,12.4940446254326
1053140,337,2014-02-02 16:30:10.330173,41.913337741054,12.4932136736948
1053206,337,2014-02-02 16:30:25.127288,41.9118275990129,12.4921540873734
1053262,337,2014-02-02 16:30:40.133222,41.9103379474826,12.4899416544349
1053320,337,2014-02-02 16:30:54.620393,41.9099244271165,12.4890930963464
1053392,337,2014-02-02 16:31:13.302915,41.9099103944502,12.4890567615883
1053444,337,2014-02-02 16:31:26.258000,41.9095947871245,12.4881919284207
1053505,337,2014-02-02 16:31:41.522227,41.9086006273729,12.4889106890375
1053553,337,2014-02-02 16:31:54.685586,41.9072242419616,12.4899640600447
1053616,337,2014-02-02 16:32:10.267853,41.9069094982187,12.4901857270832
1053671,337,2014-02-02 16:32:25.214709,41.9068274248044,12.490213856608
1053726,337,2014-02-02 16:32:39.723424,41.9066028624384,12.4903640437215
1053784,337,2014-02-02 16:32:55.450739,41.9066028624384,12.4903640437215
1053846,337,2014-02-02 16:33:13.003897,41.9060182335233,12.4908117869435
1053898,337,2014-02-02 16:33:25.259266,41.9053518721651,12.4923124034898
1053953,337,2014-02-02 16:33:40.120621,41.9046107325298,12.4939037834399
1054005,337,2014-02-02 16:33:54.705628,41.9038784797601,12.4950262835454
1054070,337,2014-02-02 16:34:10.264531,41.9033820802739,12.4955860282092
1054127,337,2014-02-02 16:34:24.830542,41.9038603343595,12.496385717723
1054185,337,2014-02-02 16:34:40.360001,41.9047425672169,12.4975739676781
1054241,337,2014-02-02 16:34:54.792083,41.9050933784576,12.4980488116358
1054304,337,2014-02-02 16:35:11.721595,41.9053363228988,12.498757143411
1054359,337,2014-02-02 16:35:25.126876,41.9046005205359,12.4996675138445
1054420,337,2014-02-02 16:35:39.772474,41.9039065064259,12.500448334276
1054473,337,2014-02-02 16:35:54.688510,41.9033588379839,12.5008634769042
1054537,337,2014-02-02 16:36:10.872469,41.9024223141324,12.5010514022413
1054594,337,2014-02-02 16:36:24.821717,41.9015335863888,12.5015205636161
1054652,337,2014-02-02 16:36:39.811131,41.9015335863888,12.5015205636161
1054714,337,2014-02-02 16:36:55.112089,41.9015335863888,12.5015205636161
1054781,337,2014-02-02 16:37:11.215939,41.9015335863888,12.5015205636161
1054834,337,2014-02-02 16:37:25.421933,41.9015335863888,12.5015205636161
1054894,337,2014-02-02 16:37:39.778152,41.9013680666464,12.501223542523
1054954,337,2014-02-02 16:37:55.011993,41.9007941548999,12.5005324078422
1055015,337,2014-02-02 16:38:10.990910,41.9005866162998,12.5003691486298
1055070,337,2014-02-02 16:38:25.108838,41.9008554951054,12.4996548273936
1055130,337,2014-02-02 16:38:40.203544,41.9015354733653,12.4988383524286
1055189,337,2014-02-02 16:38:55.063427,41.9015354725335,12.4988383518755
1055250,337,2014-02-02 16:39:10.246409,41.9020300055076,12.4982737247812
1055309,337,2014-02-02 16:39:25.269262,41.9027025547135,12.4966878060515
1055326,337,2014-02-02 16:39:30.155300,41.9027025547135,12.4966878060515
1055365,337,2014-02-02 16:39:40.298816,41.9029496242629,12.4964008946915
1055427,337,2014-02-02 16:39:55.890605,41.902974911755,12.4963586034443
1055482,337,2014-02-02 16:40:10.848439,41.9029780049287,12.4963501731629
1055541,337,2014-02-02 16:40:25.986208,41.9029780049287,12.4963501731629
1055598,337,2014-02-02 16:40:40.148022,41.9029780049287,12.4963501731629
1055660,337,2014-02-02 16:40:55.047781,41.9029780049287,12.4963501731629
1055721,337,2014-02-02 16:41:10.195946,41.9029773404885,12.4963501629561
1055782,337,2014-02-02 16:41:25.866485,41.9029773404885,12.4963501629561
1055841,337,2014-02-02 16:41:40.283904,41.9029773404885,12.4963501629561
1055895,337,2014-02-02 16:41:55.042432,41.9029773404885,12.4963501629561
1055961,337,2014-02-02 16:42:10.057501,41.9029774488561,12.4963516811685
1056021,337,2014-02-02 16:42:25.609888,41.9029766787912,12.4963546283385
1056085,337,2014-02-02 16:42:42.312794,41.9029746705594,12.4963601218228
1056137,337,2014-02-02 16:42:55.970375,41.9029755127489,12.4963580752982
1056195,337,2014-02-02 16:43:10.197684,41.9029751672338,12.4963602839505
1056252,337,2014-02-02 16:43:25.253699,41.9029751672338,12.4963602839505
1056313,337,2014-02-02 16:43:40.577774,41.9029751672338,12.4963602839505
1056368,337,2014-02-02 16:43:55.424823,41.9029751672338,12.4963602839505
1056434,337,2014-02-02 16:44:10.454262,41.9029751672338,12.4963602839505
1056488,337,2014-02-02 16:44:25.321517,41.9029751672338,12.4963602839505
1056549,337,2014-02-02 16:44:39.706229,41.9029754589198,12.4963302392508
1056612,337,2014-02-02 16:44:55.252631,41.9029754589404,12.4963302393589
1056671,337,2014-02-02 16:45:10.180303,41.9029754589404,12.4963302393589
1056729,337,2014-02-02 16:45:26.323249,41.9029771873247,12.4963277500459
1056787,337,2014-02-02 16:45:40.874714,41.9029785897366,12.4963287093153
1056849,337,2014-02-02 16:45:55.314954,41.9029799036866,12.4963293778836
1056912,337,2014-02-02 16:46:10.706644,41.9029821560475,12.4963297382536
1056970,337,2014-02-02 16:46:25.371690,41.9029821772327,12.4963297428053
1057025,337,2014-02-02 16:46:39.717402,41.9029821772327,12.4963297428053
1057087,337,2014-02-02 16:46:55.418958,41.902984114298,12.4963308949758
1057146,337,2014-02-02 16:47:10.679633,41.902984114298,12.4963308949758
1057206,337,2014-02-02 16:47:25.185376,41.9029861958081,12.4963324825114
1057266,337,2014-02-02 16:47:41.328935,41.9029878307319,12.496334334967
1057320,337,2014-02-02 16:47:54.751742,41.9029915388414,12.4963436843729
1057376,337,2014-02-02 16:48:09.799605,41.9029915388426,12.4963436843765
1057437,337,2014-02-02 16:48:25.126818,41.9029937571452,12.4963451174463
1057497,337,2014-02-02 16:48:40.438470,41.9029937775772,12.4963451310958
1057555,337,2014-02-02 16:48:55.385893,41.9029937775772,12.4963451310958
1057616,337,2014-02-02 16:49:10.241499,41.9029972620812,12.4963408889152
1057681,337,2014-02-02 16:49:26.653685,41.903005836435,12.4963330609163
1057737,337,2014-02-02 16:49:40.786582,41.903005836435,12.4963330609163
1057797,337,2014-02-02 16:49:55.155861,41.9030086976397,12.4963308636948
1057851,337,2014-02-02 16:50:10.340843,41.9030136102219,12.49634308268
1057913,337,2014-02-02 16:50:25.266870,41.9030136102219,12.4963430826801
1057974,337,2014-02-02 16:50:40.477384,41.90301099448,12.4963537170035
1058037,337,2014-02-02 16:50:55.115403,41.9030084331484,12.4963642766751
1058090,337,2014-02-02 16:51:10.919906,41.9030068122972,12.4963691649337
1058149,337,2014-02-02 16:51:25.196281,41.9030068122972,12.4963691649338
1058211,337,2014-02-02 16:51:40.790360,41.9030068122972,12.4963691649338
1058266,337,2014-02-02 16:51:55.179499,41.9030068122972,12.4963691649338
1058347,337,2014-02-02 16:52:16.634559,41.903336262791,12.4963160864534
1058384,337,2014-02-02 16:52:27.294698,41.9040327745245,12.4966515930871
1058489,337,2014-02-02 16:52:52.563208,41.9063135965331,12.4998745861759
1058490,337,2014-02-02 16:52:52.563981,41.9063135965331,12.4998745861759
1058495,337,2014-02-02 16:52:53.946564,41.9063135965331,12.4998745861759
1058496,337,2014-02-02 16:52:53.967115,41.9063135965331,12.4998745861759
1058556,337,2014-02-02 16:53:09.060310,41.9075561985171,12.4989364730404
1058687,337,2014-02-02 16:53:43.407529,41.9075561985171,12.4989364730404
1058689,337,2014-02-02 16:53:43.769587,41.9075561985171,12.4989364730404
1058690,337,2014-02-02 16:53:43.770243,41.9075561985171,12.4989364730404
1058695,337,2014-02-02 16:53:44.601032,41.9075561985171,12.4989364730404
1058752,337,2014-02-02 16:54:00.157358,41.9076130010641,12.4988016051614
1058809,337,2014-02-02 16:54:15.219609,41.9091991631583,12.4984278723568
1058862,337,2014-02-02 16:54:30.662726,41.9102136995751,12.49823179015
1058919,337,2014-02-02 16:54:46.377935,41.9102162620703,12.4982373117787
1058971,337,2014-02-02 16:54:59.694218,41.9107810623424,12.4981946279837
1059026,337,2014-02-02 16:55:14.604326,41.9109269142967,12.4981859496451
1059090,337,2014-02-02 16:55:30.855330,41.9109740419068,12.4976967011246
1059145,337,2014-02-02 16:55:45.260411,41.911003091406,12.4955020413253
1059193,337,2014-02-02 16:55:59.828819,41.9110415781434,12.4937688735485
1059251,337,2014-02-02 16:56:15.618366,41.9123010980423,12.4936078739337
1059311,337,2014-02-02 16:56:31.483069,41.9133093325622,12.4940196295898
1059368,337,2014-02-02 16:56:45.771947,41.9146852179062,12.4954023150036
1059423,337,2014-02-02 16:56:59.739516,41.9152913609816,12.4944034787209
1059483,337,2014-02-02 16:57:14.694292,41.9159278202064,12.4933808500526
1059543,337,2014-02-02 16:57:30.873994,41.9170138316349,12.4915043075947
1059570,337,2014-02-02 16:57:37.904280,41.9175051010922,12.491157382938
1059613,337,2014-02-02 16:57:49.147755,41.9177520030715,12.4914495391009
1059657,337,2014-02-02 16:58:00.226353,41.9178769007725,12.4916010131279
1059707,337,2014-02-02 16:58:14.715190,41.9179887967532,12.4917436208642
1059769,337,2014-02-02 16:58:30.126589,41.9179783848916,12.4916994340983
1059832,337,2014-02-02 16:58:45.074459,41.9179783848921,12.4916994341003
1059887,337,2014-02-02 16:58:59.723098,41.9179809973484,12.4916991979303
1059946,337,2014-02-02 16:59:14.723098,41.9179834020497,12.4916994830525
1060000,337,2014-02-02 16:59:30.048985,41.9179821466122,12.4917071661834
1060071,337,2014-02-02 16:59:45.889204,41.9179699977845,12.4917231657704
1060128,337,2014-02-02 17:00:00.250570,41.917970016837,12.4917231394489
1060189,337,2014-02-02 17:00:15.051724,41.917970016837,12.4917231394489
1060247,337,2014-02-02 17:00:30.785630,41.917970016837,12.4917231394489
1060305,337,2014-02-02 17:00:45.073938,41.917970016837,12.4917231394489
1060361,337,2014-02-02 17:01:00.079760,41.917970016837,12.4917231394489
1060416,337,2014-02-02 17:01:15.062462,41.9179737376609,12.4917090535363
1060483,337,2014-02-02 17:01:30.083469,41.9179742475571,12.4917065797987
1060542,337,2014-02-02 17:01:45.154571,41.917974247603,12.4917065795542
1060598,337,2014-02-02 17:01:59.704860,41.917974247603,12.4917065795542
1060658,337,2014-02-02 17:02:15.317396,41.917974247603,12.4917065795542
1060717,337,2014-02-02 17:02:31.017086,41.9179748570392,12.4917049590273
1060771,337,2014-02-02 17:02:45.218772,41.9179748570392,12.4917049590273
1060828,337,2014-02-02 17:03:00.090506,41.9179811421032,12.4916869121777
1060883,337,2014-02-02 17:03:15.053782,41.9179811461562,12.4916868954892
1060940,337,2014-02-02 17:03:30.140992,41.9179784425607,12.4916821572499
1060998,337,2014-02-02 17:03:45.119778,41.9179762072487,12.4916915034044
1061055,337,2014-02-02 17:04:00.817367,41.9179629630593,12.4917030955263
1061115,337,2014-02-02 17:04:15.120997,41.9179681450289,12.4916990936884
1061174,337,2014-02-02 17:04:30.981218,41.9179696316457,12.4917002433458
1061231,337,2014-02-02 17:04:45.201523,41.917970904451,12.491699483142
1061287,337,2014-02-02 17:05:00.127888,41.9179671527043,12.4917034276256
1061343,337,2014-02-02 17:05:15.661418,41.9179671527043,12.4917034276256
1061408,337,2014-02-02 17:05:31.777749,41.9179670928711,12.4917024398524
1061460,337,2014-02-02 17:05:45.264316,41.9179655174313,12.4917033550079
1061515,337,2014-02-02 17:06:00.758688,41.9179655174313,12.4917033550079
1061573,337,2014-02-02 17:06:15.173235,41.9179663172714,12.4917035151752
1061630,337,2014-02-02 17:06:30.199713,41.9179677397409,12.4917022979603
1061689,337,2014-02-02 17:06:46.018564,41.9179687036773,12.4916975367856
1061747,337,2014-02-02 17:06:59.732924,41.9179687036773,12.4916975367856
1061813,337,2014-02-02 17:07:15.859696,41.9179687036773,12.4916975367856
1061872,337,2014-02-02 17:07:31.337053,41.9179706755034,12.4916982190791
1061928,337,2014-02-02 17:07:45.364115,41.9179706755034,12.4916982190791
1061991,337,2014-02-02 17:08:00.884306,41.9179712266444,12.491696434163
1062048,337,2014-02-02 17:08:15.134394,41.9179660391777,12.4917021560376
1062113,337,2014-02-02 17:08:30.038340,41.9179660391777,12.4917021560376
1062172,337,2014-02-02 17:08:45.733669,41.9179571138302,12.4917113143367
1062234,337,2014-02-02 17:09:00.103700,41.9179533645933,12.4917062535066
1062292,337,2014-02-02 17:09:14.717030,41.917945494228,12.4917041899465
1062330,337,2014-02-02 17:09:24.780462,41.9177021156983,12.4925355352668
1062352,337,2014-02-02 17:09:30.127917,41.9175375382895,12.4928248274885
1062420,337,2014-02-02 17:09:47.384123,41.9164623228248,12.4940993583106
1062471,337,2014-02-02 17:10:00.941166,41.9157887195251,12.4942093147048
1062528,337,2014-02-02 17:10:15.282882,41.9157887195251,12.4942093147048
1062587,337,2014-02-02 17:10:30.230465,41.9148637888469,12.4940061639495
1062644,337,2014-02-02 17:10:44.805909,41.9132876560957,12.4931656933591
1062706,337,2014-02-02 17:11:00.136571,41.9114499271181,12.4918574445457
1062763,337,2014-02-02 17:11:15.756788,41.9106155125854,12.4905708110973
1062821,337,2014-02-02 17:11:30.829035,41.9099239774858,12.4878784620116
1062880,337,2014-02-02 17:11:45.102407,41.9117792511107,12.4858240914564
1062961,337,2014-02-02 17:12:04.239589,41.9127176025772,12.4840762408843
1062999,337,2014-02-02 17:12:15.562191,41.913828715559,12.4808872586492
1063060,337,2014-02-02 17:12:30.149353,41.912887539915,12.4782335482779
1063119,337,2014-02-02 17:12:44.754796,41.911852764541,12.4758846131571
1063179,337,2014-02-02 17:12:59.747840,41.911672682156,12.4749577696517
1063246,337,2014-02-02 17:13:17.438194,41.911672682156,12.4749577696517
1063293,337,2014-02-02 17:13:30.115731,41.911672682156,12.4749577696517
1063358,337,2014-02-02 17:13:45.220171,41.9111047171477,12.4737581462868
1063414,337,2014-02-02 17:13:59.749482,41.9101746847029,12.4734359905802
1063473,337,2014-02-02 17:14:14.618695,41.9101400095451,12.4738711544499
1063536,337,2014-02-02 17:14:29.795969,41.9103911607491,12.4753451331145
1063596,337,2014-02-02 17:14:44.803344,41.9101788966588,12.4759779438385
1063654,337,2014-02-02 17:14:59.807759,41.9098270438321,12.4762149982615
1063718,337,2014-02-02 17:15:14.687067,41.9094772155135,12.4761617965088
1063776,337,2014-02-02 17:15:30.223456,41.9081838618997,12.4759917346217
1063839,337,2014-02-02 17:15:45.928497,41.9069706808556,12.4758232430201
1063899,337,2014-02-02 17:15:59.636144,41.9065987338218,12.4769641354221
1063960,337,2014-02-02 17:16:14.626050,41.9065383442426,12.4779378485853
1064020,337,2014-02-02 17:16:30.874823,41.9065157896959,12.477521694522
1064079,337,2014-02-02 17:16:44.833830,41.906571307862,12.4770319672124
1064141,337,2014-02-02 17:17:00.422362,41.9051531079694,12.4769577268934
1064200,337,2014-02-02 17:17:15.296764,41.9048689218244,12.476986060273
1064259,337,2014-02-02 17:17:31.080884,41.9047580709475,12.4782751356382
1064316,337,2014-02-02 17:17:46.316440,41.9047350402899,12.4787214493049
1064378,337,2014-02-02 17:17:59.734050,41.9047089576204,12.4793171826365
1064437,337,2014-02-02 17:18:14.974399,41.9049334369776,12.4799356912483
1064497,337,2014-02-02 17:18:31.159822,41.905201434015,12.4807400886831
1064553,337,2014-02-02 17:18:45.099784,41.9053563244585,12.4811544835216
1064619,337,2014-02-02 17:19:00.058012,41.9053928702276,12.48143371881
1064681,337,2014-02-02 17:19:15.334948,41.9048920626279,12.4818669317188
1064745,337,2014-02-02 17:19:31.614939,41.9047416171192,12.4819885347033
1064801,337,2014-02-02 17:19:46.175160,41.9042127983918,12.4823666140597
1064867,337,2014-02-02 17:20:02.120452,41.9034410517996,12.4825213290716
1064915,337,2014-02-02 17:20:14.707323,41.9029895019587,12.4811637751145
1064978,337,2014-02-02 17:20:30.887884,41.9027483184342,12.4804595884433
1065038,337,2014-02-02 17:20:44.707017,41.9025111416291,12.4798695935481
1065102,337,2014-02-02 17:21:01.809083,41.9016270343358,12.4803814367696
1065157,337,2014-02-02 17:21:14.655405,41.9018094523474,12.4817226763777
1065226,337,2014-02-02 17:21:32.081319,41.9020928020628,12.4825742258278
1065278,337,2014-02-02 17:21:45.184318,41.9022041357635,12.4834908573583
1065338,337,2014-02-02 17:21:59.723536,41.9027380321837,12.4854455889765
1065404,337,2014-02-02 17:22:16.411966,41.9032911130865,12.4876270439359
1065459,337,2014-02-02 17:22:30.162469,41.9033982480958,12.4880180792893
1065520,337,2014-02-02 17:22:45.301676,41.9033982480958,12.4880180792893
1065582,337,2014-02-02 17:23:00.227967,41.9033982480958,12.4880180792893
1065649,337,2014-02-02 17:23:15.212097,41.9034828791836,12.4879960763671
1065720,337,2014-02-02 17:23:33.591619,41.9042894699654,12.4887469488125
1065770,337,2014-02-02 17:23:45.045758,41.9055799424019,12.4884258834299
1065831,337,2014-02-02 17:23:59.942492,41.9060880423125,12.4897973693408
1065892,337,2014-02-02 17:24:14.848076,41.9067235947324,12.4903348304284
1065917,337,2014-02-02 17:24:19.177242,41.9073134206256,12.4900334408844
1065958,337,2014-02-02 17:24:30.362968,41.9075463829575,12.4907815986658
1066021,337,2014-02-02 17:24:45.201677,41.9076182848858,12.4906001114347
1066081,337,2014-02-02 17:25:00.118718,41.9076095793483,12.4905631519728
1066147,337,2014-02-02 17:25:15.434067,41.907597414848,12.4905216510552
1066177,337,2014-02-02 17:25:23.548966,41.907597809958,12.490520129412
1066207,337,2014-02-02 17:25:30.687375,41.9075981365335,12.4905197313086
1066208,337,2014-02-02 17:25:30.704492,41.9075981365335,12.4905197313086
1066265,337,2014-02-02 17:25:45.189941,41.9075992713543,12.4905213940585
1066329,337,2014-02-02 17:26:01.185477,41.9076031469646,12.4905208985735
1066386,337,2014-02-02 17:26:14.730774,41.9076076516172,12.4905271103694
1066450,337,2014-02-02 17:26:30.928520,41.9076076516172,12.4905271103694
1066509,337,2014-02-02 17:26:45.780272,41.9076000670512,12.4904939979388
1066566,337,2014-02-02 17:27:00.048931,41.9075897989177,12.4904580036235
1066630,337,2014-02-02 17:27:15.735274,41.9075891430201,12.4904566537863
1066685,337,2014-02-02 17:27:30.576392,41.9075760394723,12.4904585725214
1066751,337,2014-02-02 17:27:44.745609,41.9076520697502,12.4907311239988
1066752,337,2014-02-02 17:27:44.822622,41.9076520697502,12.4907311239988
1066815,337,2014-02-02 17:27:59.800470,41.908453156032,12.4936979416634
1066872,337,2014-02-02 17:28:14.615587,41.9091806550286,12.4962547481728
1066930,337,2014-02-02 17:28:30.297162,41.909839982401,12.4974692804221
1066986,337,2014-02-02 17:28:44.794431,41.910562271481,12.4986474434299
1067038,337,2014-02-02 17:28:56.197407,41.9108904216077,12.4987993113908
1067052,337,2014-02-02 17:29:00.277918,41.9109498083155,12.4986942527823
1067114,337,2014-02-02 17:29:15.850507,41.9108829649615,12.4984113315066
1067182,337,2014-02-02 17:29:30.962353,41.9108751664479,12.4984143299621
1067233,337,2014-02-02 17:29:44.802579,41.9108751664479,12.4984143299621
1067299,337,2014-02-02 17:29:59.755089,41.9108751664479,12.4984143299621
1067355,337,2014-02-02 17:30:15.208986,41.9108751664479,12.4984143299621
1067414,337,2014-02-02 17:30:30.143592,41.9108751664479,12.4984143299621
1067476,337,2014-02-02 17:30:45.969796,41.9108751664479,12.4984143299621
1067532,337,2014-02-02 17:31:00.445146,41.9108751664479,12.4984143299621
1067594,337,2014-02-02 17:31:15.069978,41.9108726340753,12.4984220684587
1067659,337,2014-02-02 17:31:31.487263,41.9108795944344,12.4984237222485
1067711,337,2014-02-02 17:31:44.685870,41.9108822854608,12.4984236805627
1067770,337,2014-02-02 17:32:00.175377,41.9108822854608,12.4984236805627
1067834,337,2014-02-02 17:32:16.341823,41.9108822854608,12.4984236805627
1067885,337,2014-02-02 17:32:30.079814,41.9108822854608,12.4984236805627
1067947,337,2014-02-02 17:32:45.811203,41.9108822854608,12.4984236805627
1068004,337,2014-02-02 17:33:00.119875,41.9108822854608,12.4984236805627
1068066,337,2014-02-02 17:33:15.071296,41.9108822854608,12.4984236805627
1068124,337,2014-02-02 17:33:30.045855,41.9108822854608,12.4984236805627
1068181,337,2014-02-02 17:33:45.062190,41.9108822854608,12.4984236805627
1068240,337,2014-02-02 17:34:00.063745,41.9108822854608,12.4984236805627
1068298,337,2014-02-02 17:34:14.745407,41.9108822854608,12.4984236805627
1068359,337,2014-02-02 17:34:30.053350,41.9108822854608,12.4984236805627
1068418,337,2014-02-02 17:34:46.057887,41.9108822854608,12.4984236805627
1068476,337,2014-02-02 17:35:00.183177,41.9108822854608,12.4984236805627
1068535,337,2014-02-02 17:35:15.083288,41.9108822854608,12.4984236805627
1068595,337,2014-02-02 17:35:30.761846,41.9108822854608,12.4984236805627
1068647,337,2014-02-02 17:35:45.091591,41.9108822854608,12.4984236805627
1068710,337,2014-02-02 17:36:01.097020,41.9108822854608,12.4984236805627
1068767,337,2014-02-02 17:36:15.047395,41.9108822854608,12.4984236805627
1068826,337,2014-02-02 17:36:29.734733,41.9108822854608,12.4984236805627
1068886,337,2014-02-02 17:36:45.637470,41.9108822854608,12.4984236805627
1068944,337,2014-02-02 17:37:00.765693,41.9108822854608,12.4984236805627
1069000,337,2014-02-02 17:37:15.038110,41.9108822854608,12.4984236805627
1069059,337,2014-02-02 17:37:30.745013,41.9108822854608,12.4984236805627
1069121,337,2014-02-02 17:37:45.439070,41.9108822854608,12.4984236805627
1069178,337,2014-02-02 17:38:00.067137,41.9108822854608,12.4984236805627
1069242,337,2014-02-02 17:38:15.899619,41.9108822854608,12.4984236805627
1069298,337,2014-02-02 17:38:29.762338,41.9108822854608,12.4984236805627
1069357,337,2014-02-02 17:38:45.797002,41.9108822854608,12.4984236805627
1069415,337,2014-02-02 17:39:00.700488,41.9108822854608,12.4984236805627
1069466,337,2014-02-02 17:39:14.953037,41.9108822854608,12.4984236805627
1069538,337,2014-02-02 17:39:30.743622,41.9108822854608,12.4984236805627
1069601,337,2014-02-02 17:39:46.022047,41.9108822854608,12.4984236805627
1069652,337,2014-02-02 17:39:59.744073,41.9108822854608,12.4984236805627
1069709,337,2014-02-02 17:40:14.723659,41.9108822854608,12.4984236805627
1069778,337,2014-02-02 17:40:31.601319,41.9108822854608,12.4984236805627
1069830,337,2014-02-02 17:40:45.986313,41.9108822854608,12.4984236805627
1069894,337,2014-02-02 17:41:00.623429,41.9108822854608,12.4984236805627
1069951,337,2014-02-02 17:41:15.191468,41.9108822854608,12.4984236805627
1070008,337,2014-02-02 17:41:30.039090,41.9108822854608,12.4984236805627
1070068,337,2014-02-02 17:41:45.265024,41.9108822854608,12.4984236805627
1070125,337,2014-02-02 17:41:59.745573,41.9108822854608,12.4984236805627
1070189,337,2014-02-02 17:42:15.879042,41.9108822854608,12.4984236805627
1070249,337,2014-02-02 17:42:30.999925,41.9108822854608,12.4984236805627
1070306,337,2014-02-02 17:42:45.051605,41.9108822854608,12.4984236805627
1070367,337,2014-02-02 17:43:00.710652,41.9108822854608,12.4984236805627
1070431,337,2014-02-02 17:43:15.929482,41.9108822854608,12.4984236805627
1070487,337,2014-02-02 17:43:30.274209,41.9108822854608,12.4984236805627
1070552,337,2014-02-02 17:43:45.889229,41.9108822854608,12.4984236805627
1070609,337,2014-02-02 17:44:00.287922,41.9108822854608,12.4984236805627
1070671,337,2014-02-02 17:44:15.769083,41.9108822854608,12.4984236805627
1070727,337,2014-02-02 17:44:30.047045,41.9108822854608,12.4984236805627
1070788,337,2014-02-02 17:44:44.745470,41.9108822854608,12.4984236805627
1070850,337,2014-02-02 17:45:00.663648,41.9108822854608,12.4984236805627
1070912,337,2014-02-02 17:45:15.694374,41.9108822854608,12.4984236805627
1070971,337,2014-02-02 17:45:30.092790,41.9108822854608,12.4984236805627
1071034,337,2014-02-02 17:45:46.246050,41.9108822854608,12.4984236805627
1071091,337,2014-02-02 17:46:01.144900,41.9108822854608,12.4984236805627
1071113,337,2014-02-02 17:46:05.042316,41.9108822854608,12.4984236805627
1071150,337,2014-02-02 17:46:15.044884,41.9108822854608,12.4984236805627
1071213,337,2014-02-02 17:46:30.053810,41.9108822854608,12.4984236805627
1071266,337,2014-02-02 17:46:44.714554,41.9108858624254,12.4984234665284
1071329,337,2014-02-02 17:46:59.803948,41.9108858624254,12.4984234665284
1071387,337,2014-02-02 17:47:14.636267,41.9108858624254,12.4984234665284
1071448,337,2014-02-02 17:47:30.099447,41.9108759451665,12.4984442432921
1071505,337,2014-02-02 17:47:45.106034,41.9108759450231,12.4984442430799
1071567,337,2014-02-02 17:48:00.161952,41.9108759450231,12.4984442430799
1071631,337,2014-02-02 17:48:15.147538,41.9108759450231,12.4984442430799
1071700,337,2014-02-02 17:48:31.776727,41.9108759450231,12.4984442430799
1071755,337,2014-02-02 17:48:46.334116,41.910876123435,12.4984505704448
1071816,337,2014-02-02 17:49:00.825253,41.910926461716,12.4986600841163
1071885,337,2014-02-02 17:49:15.785402,41.9109559359539,12.4984594822609
1071946,337,2014-02-02 17:49:30.147459,41.9109559359539,12.4984594822609
1072005,337,2014-02-02 17:49:45.142146,41.9108928483968,12.4981833250415
1072041,337,2014-02-02 17:49:53.921215,41.9102847573521,12.4982145690535
1072066,337,2014-02-02 17:50:00.187953,41.9096953037644,12.4983112892554
1072121,337,2014-02-02 17:50:14.814165,41.9088726054693,12.4984466345602
1072184,337,2014-02-02 17:50:29.812504,41.9077777600611,12.4986881735398
1072245,337,2014-02-02 17:50:44.740514,41.9076866911805,12.4987012441928
1072308,337,2014-02-02 17:51:00.040126,41.9075991193069,12.4987015072677
1072384,337,2014-02-02 17:51:17.681697,41.9069003373013,12.4979948566922
1072434,337,2014-02-02 17:51:30.566317,41.9058929092478,12.4964657167605
1072488,337,2014-02-02 17:51:44.721846,41.905510802249,12.4959454567693
1072547,337,2014-02-02 17:52:00.064935,41.9055106294259,12.4959434142218
1072606,337,2014-02-02 17:52:14.718498,41.9047846879233,12.4947587583881
1072664,337,2014-02-02 17:52:29.719940,41.9046387332717,12.4945384458703
1072724,337,2014-02-02 17:52:45.620586,41.9043094856849,12.4943673349654
1072786,337,2014-02-02 17:53:00.845483,41.9038784346164,12.4948630895143
1072865,337,2014-02-02 17:53:19.709430,41.9031892214198,12.4956778186833
1072903,337,2014-02-02 17:53:31.020797,41.9022334985846,12.4954877083652
1072960,337,2014-02-02 17:53:45.092316,41.9022178478847,12.4954594203245
1073018,337,2014-02-02 17:54:00.303315,41.9016709783685,12.4946534487049
1073098,337,2014-02-02 17:54:18.247873,41.9004305108732,12.4933754345115
1073139,337,2014-02-02 17:54:29.741007,41.8995320059225,12.4951464448437
1073199,337,2014-02-02 17:54:44.755992,41.8986360160123,12.4966505598045
1073259,337,2014-02-02 17:54:59.646070,41.8984983822779,12.4968136853413
1073326,337,2014-02-02 17:55:16.035001,41.8984983822779,12.4968136853413
1073384,337,2014-02-02 17:55:31.286243,41.8984983822779,12.4968136853413
1073450,337,2014-02-02 17:55:45.425639,41.8984983822779,12.4968136853413
1073510,337,2014-02-02 17:56:00.476536,41.8984983822779,12.4968136853413
1073572,337,2014-02-02 17:56:15.052288,41.8981512097305,12.4969536790358
1073649,337,2014-02-02 17:56:33.356127,41.8981512097305,12.4969536790358
1073691,337,2014-02-02 17:56:45.233803,41.8974376854013,12.4960416157322
1073750,337,2014-02-02 17:57:00.144321,41.8954668844906,12.4939001833854
1073834,337,2014-02-02 17:57:19.623835,41.8944492707639,12.4923425584202
1073872,337,2014-02-02 17:57:29.887756,41.8942372212499,12.4915328460178
1073931,337,2014-02-02 17:57:44.717931,41.8940252013451,12.491116358525
1073997,337,2014-02-02 17:57:59.891880,41.8919344971467,12.4919833183776
1074068,337,2014-02-02 17:58:16.560309,41.8910127417448,12.4935837059423
1074127,337,2014-02-02 17:58:30.837417,41.8907557733407,12.4943312625133
1074182,337,2014-02-02 17:58:45.035492,41.8907557721438,12.4943312695992
1074248,337,2014-02-02 17:59:01.826305,41.8907557721438,12.4943312695992
1074308,337,2014-02-02 17:59:16.535753,41.8907557721438,12.4943312695992
1074363,337,2014-02-02 17:59:30.108278,41.8900888023129,12.4939579799765
1074420,337,2014-02-02 17:59:44.795743,41.8894039283815,12.4935472510957
1074483,337,2014-02-02 18:00:00.660556,41.8891374054272,12.4912563105188
1074546,337,2014-02-02 18:00:16.190837,41.8870813349605,12.4898397134581
1074599,337,2014-02-02 18:00:29.794257,41.884704852266,12.4891452505637
1074659,337,2014-02-02 18:00:44.789376,41.8842272860005,12.4889846050532
1074717,337,2014-02-02 18:00:59.769168,41.8834178227571,12.4903691860654
1074776,337,2014-02-02 18:01:15.064147,41.8822872844402,12.4922747845024
1074845,337,2014-02-02 18:01:31.402671,41.881176848887,12.4939874394281
1074900,337,2014-02-02 18:01:45.769393,41.8802853957179,12.4953147162126
1074957,337,2014-02-02 18:02:00.314371,41.8798666067912,12.4961793058236
1075019,337,2014-02-02 18:02:15.888172,41.880702923689,12.4970796983566
1075079,337,2014-02-02 18:02:30.370150,41.8816364525777,12.4976754132571
1075153,337,2014-02-02 18:02:47.670512,41.8821862527155,12.4985832350129
1075200,337,2014-02-02 18:02:59.651433,41.8817495817208,12.4994790489391
1075258,337,2014-02-02 18:03:15.413371,41.8806672379471,12.5005848171238
1075316,337,2014-02-02 18:03:29.807222,41.8803528537067,12.5009060981807
1075379,337,2014-02-02 18:03:45.319737,41.880333731017,12.5007228744816
1075436,337,2014-02-02 18:03:58.772175,41.880333731017,12.5007228744816
1075437,337,2014-02-02 18:03:59.761961,41.880333731017,12.5007228744816
1075496,337,2014-02-02 18:04:15.119730,41.880333731017,12.5007228744816
1075557,337,2014-02-02 18:04:30.348723,41.880333731017,12.5007228744816
1075621,337,2014-02-02 18:04:45.172296,41.8798117279607,12.5015091673246
1075693,337,2014-02-02 18:05:01.943576,41.878830492648,12.5032995327514
1075761,337,2014-02-02 18:05:17.747025,41.878175121041,12.5049419495781
1075806,337,2014-02-02 18:05:30.221295,41.8774299613389,12.504680626844
1075868,337,2014-02-02 18:05:44.700074,41.8763860740835,12.5039211204703
1075938,337,2014-02-02 18:06:01.778118,41.8754170521475,12.5033319911713
1075987,337,2014-02-02 18:06:15.446456,41.8752319464609,12.5032149698194
1076049,337,2014-02-02 18:06:30.583856,41.8746029732235,12.5037800280247
1076105,337,2014-02-02 18:06:45.256788,41.8733004836758,12.5020347656594
1076163,337,2014-02-02 18:06:59.822518,41.8730349441305,12.4995669010336
1076224,337,2014-02-02 18:07:14.823138,41.8730789171965,12.497100164317
1076284,337,2014-02-02 18:07:30.192408,41.8730852290298,12.4970826990415
1076344,337,2014-02-02 18:07:44.762994,41.8729313550416,12.496451905067
1076405,337,2014-02-02 18:08:00.276976,41.8717802607798,12.4963694094886
1076466,337,2014-02-02 18:08:15.096461,41.8715850621062,12.4963643467472
1076524,337,2014-02-02 18:08:30.326198,41.8715850621362,12.4963643469994
1076590,337,2014-02-02 18:08:45.653517,41.8704511344898,12.4962944991434
1076648,337,2014-02-02 18:08:59.768035,41.8672028948185,12.4963763001794
1076710,337,2014-02-02 18:09:15.008387,41.8643652172196,12.4971746983296
1076774,337,2014-02-02 18:09:29.908347,41.8640775764957,12.4972673401547
1076835,337,2014-02-02 18:09:45.044855,41.863193868251,12.4975373639683
1076902,337,2014-02-02 18:10:00.163064,41.8615613801388,12.498015436194
1076979,337,2014-02-02 18:10:17.888963,41.8597961036799,12.4980123588768
1077027,337,2014-02-02 18:10:29.828024,41.858395621594,12.4961711017276
1077089,337,2014-02-02 18:10:44.763626,41.8565524717528,12.4934604576077
1077147,337,2014-02-02 18:11:00.116793,41.8543017860362,12.4903703532912
1077208,337,2014-02-02 18:11:15.306676,41.8528587779901,12.4882619795383
1077266,337,2014-02-02 18:11:27.494243,41.8528382253541,12.4882279492384
1077271,337,2014-02-02 18:11:29.762163,41.8528382253541,12.4882279492384
1077328,337,2014-02-02 18:11:44.841008,41.852779387324,12.4881405918088
1077392,337,2014-02-02 18:12:00.870510,41.8515250093639,12.4863627214756
1077451,337,2014-02-02 18:12:14.806319,41.8498863804545,12.4840982194245
1077512,337,2014-02-02 18:12:29.808178,41.8479596899878,12.4814623139448
1077574,337,2014-02-02 18:12:44.786965,41.8464294395661,12.4793705709424
1077650,337,2014-02-02 18:13:03.453028,41.8448817652807,12.4771090171716
1077708,337,2014-02-02 18:13:18.934157,41.8437237442095,12.4758691433931
1077752,337,2014-02-02 18:13:30.075709,41.8425240542491,12.47391503534
1077814,337,2014-02-02 18:13:44.837331,41.8425188276738,12.4737206133536
1077876,337,2014-02-02 18:14:00.722266,41.8425188276738,12.4737206133536
1077933,337,2014-02-02 18:14:14.743820,41.8425225795118,12.4737183455377
1077997,337,2014-02-02 18:14:29.753830,41.8425225795118,12.4737183455377
1078057,337,2014-02-02 18:14:46.705025,41.8425231831232,12.4737254593362
1078112,337,2014-02-02 18:15:00.077318,41.842524515783,12.4737269171886
1078170,337,2014-02-02 18:15:13.650198,41.8422341302309,12.4739421639142
1078175,337,2014-02-02 18:15:14.763817,41.8422341302309,12.4739421639142
1078254,337,2014-02-02 18:15:31.897801,41.8420382319687,12.4721221587192
1078301,337,2014-02-02 18:15:46.180357,41.8426540356448,12.469819673903
1078357,337,2014-02-02 18:16:00.095807,41.8433029558209,12.4674305455271
1078418,337,2014-02-02 18:16:15.256452,41.84332445981,12.4645013612029
1078486,337,2014-02-02 18:16:32.113687,41.840926918216,12.4624438580034
1078531,337,2014-02-02 18:16:45.078808,41.8386172665795,12.4602134771278
1078589,337,2014-02-02 18:17:00.329852,41.839481023596,12.4574996431671
1078650,337,2014-02-02 18:17:14.816032,41.8398041986446,12.4568802704756
1078713,337,2014-02-02 18:17:30.105796,41.8400765749759,12.4563512608099
1078772,337,2014-02-02 18:17:45.607326,41.8403675149423,12.4557486536644
1078832,337,2014-02-02 18:18:00.935729,41.8404984432462,12.452865478274
1078888,337,2014-02-02 18:18:14.816413,41.8384061718731,12.4509549878367
1078949,337,2014-02-02 18:18:30.059266,41.8357138838338,12.448370444412
1079007,337,2014-02-02 18:18:44.830871,41.8338510303028,12.4456364511265
1079082,337,2014-02-02 18:19:02.783957,41.8325424788938,12.4429920986355
1079134,337,2014-02-02 18:19:16.107763,41.8313873440816,12.4393595482398
1079191,337,2014-02-02 18:19:29.758248,41.8315861916745,12.4347440693291
1079249,337,2014-02-02 18:19:44.769039,41.8332381858698,12.4303424839141
1079318,337,2014-02-02 18:20:00.846290,41.8341064866631,12.4260114625156
1079372,337,2014-02-02 18:20:15.220086,41.8323069732301,12.4220418227161
1079436,337,2014-02-02 18:20:30.963563,41.8293115287541,12.4198343873759
1079494,337,2014-02-02 18:20:45.327945,41.8261754960843,12.4198742370307
1079559,337,2014-02-02 18:21:01.144416,41.8229755190936,12.4184534806497
1079643,337,2014-02-02 18:21:20.496152,41.8208476202897,12.4151786161557
1079684,337,2014-02-02 18:21:29.787659,41.8201227226076,12.410891317206
1079741,337,2014-02-02 18:21:44.639007,41.8197587687527,12.4062972268011
1079819,337,2014-02-02 18:22:03.639029,41.8192553911261,12.400828959776
1079879,337,2014-02-02 18:22:18.030323,41.8187126632712,12.3946332342484
1079925,337,2014-02-02 18:22:29.769828,41.8181525699309,12.3877836023098
1079983,337,2014-02-02 18:22:44.797029,41.8175260803232,12.3809732229475
1080053,337,2014-02-02 18:23:00.801845,41.8168538205763,12.3737969340309
1080108,337,2014-02-02 18:23:15.257810,41.8162287488119,12.3663117436132
1080166,337,2014-02-02 18:23:29.912818,41.8155584621585,12.3589039283581
1080232,337,2014-02-02 18:23:46.013732,41.8149735242475,12.3525025351577
1080289,337,2014-02-02 18:24:00.278618,41.8143879984808,12.3461049290151
1080354,337,2014-02-02 18:24:14.758376,41.8138577684615,12.3402470574173
1080417,337,2014-02-02 18:24:30.159074,41.8132950839212,12.3340468197913
1080473,337,2014-02-02 18:24:44.641461,41.8127473709116,12.3278669465481
1080547,337,2014-02-02 18:25:01.518478,41.8121529952122,12.3214669693031
1080602,337,2014-02-02 18:25:15.347059,41.811394135197,12.3148153620611
1080678,337,2014-02-02 18:25:34.528343,41.8095502838993,12.3083352918028
1080720,337,2014-02-02 18:25:44.897914,41.8066406934393,12.3025392946126
1080721,337,2014-02-02 18:25:44.898688,41.8066406934393,12.3025392946126
1080726,337,2014-02-02 18:25:46.075974,41.8059968449922,12.301407414923
1080792,337,2014-02-02 18:26:02.216013,41.8027861429402,12.2957283622552
1080861,337,2014-02-02 18:26:20.304493,41.7994848615415,12.2898032079203
1080904,337,2014-02-02 18:26:31.450911,41.7962499704845,12.2840336638914
1080967,337,2014-02-02 18:26:46.118319,41.792994467724,12.2782025496529
1081024,337,2014-02-02 18:27:01.387351,41.7901845377582,12.2731237189529
1081105,337,2014-02-02 18:27:19.555097,41.7877127316302,12.2676137392452
1081150,337,2014-02-02 18:27:31.003195,41.7859540944318,12.262781497519
1081231,337,2014-02-02 18:27:48.890724,41.7866452078524,12.2588700623115
1081289,337,2014-02-02 18:28:03.013680,41.7896501693284,12.2572173985376
1081342,337,2014-02-02 18:28:16.654366,41.7931816372732,12.2564604080622
1081413,337,2014-02-02 18:28:34.182383,41.7943899144016,12.2556255966719
1081459,337,2014-02-02 18:28:46.145473,41.7943432933068,12.2554541723206
1081525,337,2014-02-02 18:29:02.158367,41.7947939634281,12.2542133248492
1081583,337,2014-02-02 18:29:16.617589,41.7953372442369,12.2523749794552
1081643,337,2014-02-02 18:29:31.391748,41.7942154016833,12.2502781701859
1081702,337,2014-02-02 18:29:46.081300,41.7942504739918,12.2500962094985
1081766,337,2014-02-02 18:30:01.134741,41.7942768782,12.2501197696689
1081832,337,2014-02-02 18:30:16.623990,41.7942768782,12.2501197696689
1081897,337,2014-02-02 18:30:31.684065,41.7942768782,12.2501197696689
1081956,337,2014-02-02 18:30:46.806425,41.7943067285675,12.2501597739281
1082028,337,2014-02-02 18:31:02.660189,41.7943562142961,12.2507582058477
1082088,337,2014-02-02 18:31:17.247696,41.7942817126043,12.2509432763559
1082149,337,2014-02-02 18:31:31.139214,41.7941763303475,12.2510214658843
1082219,337,2014-02-02 18:31:47.348940,41.7941763303475,12.2510214658843
1082274,337,2014-02-02 18:32:01.037997,41.7941763303475,12.2510214658843
1082342,337,2014-02-02 18:32:16.500469,41.7942863120981,12.25093615484
1082408,337,2014-02-02 18:32:31.926415,41.7942863120981,12.25093615484
1082465,337,2014-02-02 18:32:46.573724,41.7943327064605,12.2511061505817
1082525,337,2014-02-02 18:33:01.600140,41.7943168818663,12.2512074629342
1082589,337,2014-02-02 18:33:16.624402,41.7943168818663,12.2512074629342
1093606,337,2014-02-02 19:16:48.067866,41.8767986461698,12.4817436744582
1093607,337,2014-02-02 19:16:48.068528,41.8767986461698,12.4817436744582
1093631,337,2014-02-02 19:16:51.970588,41.8770115102216,12.4817739981586
1093700,337,2014-02-02 19:17:07.022122,41.8771742485154,12.4808021114007
1093758,337,2014-02-02 19:17:21.864892,41.8781804164759,12.4794699872888
1093833,337,2014-02-02 19:17:37.421506,41.8790081995182,12.4799590178549
1093900,337,2014-02-02 19:17:52.793407,41.8794456307262,12.4807090786445
1093964,337,2014-02-02 19:18:07.564415,41.8803203969813,12.480119693431
1094026,337,2014-02-02 19:18:22.425219,41.8809998659487,12.4813996342805
1094091,337,2014-02-02 19:18:36.842954,41.8815877649979,12.4817906765116
1094167,337,2014-02-02 19:18:52.568621,41.881829426741,12.4808733875043
1094232,337,2014-02-02 19:19:07.025786,41.8817740330784,12.4808527604213
1094299,337,2014-02-02 19:19:22.556079,41.8817740330784,12.4808527604213
1094365,337,2014-02-02 19:19:37.895027,41.8817740330784,12.4808527604213
1094428,337,2014-02-02 19:19:52.687899,41.8817834576833,12.4807730184504
1094497,337,2014-02-02 19:20:09.005549,41.8817834576833,12.4807730184504
1094560,337,2014-02-02 19:20:23.091591,41.8817794016446,12.4807580923708
1094625,337,2014-02-02 19:20:36.931310,41.8817794016446,12.4807580923708
1094692,337,2014-02-02 19:20:53.166419,41.8817794016446,12.4807580923708
1094754,337,2014-02-02 19:21:06.984798,41.8817794016446,12.4807580923708
1094822,337,2014-02-02 19:21:22.566671,41.8817794016446,12.4807580923708
1094893,337,2014-02-02 19:21:38.213114,41.8817794016446,12.4807580923708
1094955,337,2014-02-02 19:21:52.378647,41.8816513815797,12.4806792139052
1095030,337,2014-02-02 19:22:08.600478,41.8813404096328,12.4808328444272
1095085,337,2014-02-02 19:22:21.866157,41.8807029906255,12.4812269844775
1095152,337,2014-02-02 19:22:36.985994,41.8803812881723,12.4822108685044
1095222,337,2014-02-02 19:22:52.488642,41.8803734371537,12.4827228969213
1095282,337,2014-02-02 19:23:06.857723,41.8803398025207,12.4831716897297
1095354,337,2014-02-02 19:23:22.410544,41.8803705975436,12.4832764520812
1095426,337,2014-02-02 19:23:38.276639,41.8803742520769,12.4832999901544
1095495,337,2014-02-02 19:23:52.427288,41.8803729320413,12.4832978242819
1095557,337,2014-02-02 19:24:07.387545,41.8803827201202,12.4833267725682
1095621,337,2014-02-02 19:24:22.351032,41.8801147044348,12.4830562021665
1095695,337,2014-02-02 19:24:37.350229,41.8800045685462,12.4828574351873
1095768,337,2014-02-02 19:24:53.928775,41.8800045685462,12.4828574351873
1095834,337,2014-02-02 19:25:08.619668,41.8800063319923,12.482859862746
1095896,337,2014-02-02 19:25:21.887220,41.8800063319923,12.482859862746
1095967,337,2014-02-02 19:25:38.505680,41.8800063319923,12.482859862746
1096031,337,2014-02-02 19:25:52.800944,41.8800063319923,12.482859862746
1096102,337,2014-02-02 19:26:07.779198,41.8800063319923,12.482859862746
1096171,337,2014-02-02 19:26:24.015874,41.8800063319923,12.482859862746
1096242,337,2014-02-02 19:26:38.376506,41.8800063319923,12.482859862746
1096305,337,2014-02-02 19:26:52.699608,41.8800063319923,12.482859862746
1096373,337,2014-02-02 19:27:09.159404,41.8800063319923,12.482859862746
1096432,337,2014-02-02 19:27:22.482445,41.8800063319923,12.482859862746
1096503,337,2014-02-02 19:27:37.474197,41.8800063319923,12.482859862746
1096577,337,2014-02-02 19:27:53.490861,41.8800063319923,12.482859862746
1096643,337,2014-02-02 19:28:07.583496,41.8798873387518,12.482343937958
1096706,337,2014-02-02 19:28:22.053354,41.8790220358314,12.480109878285
1096780,337,2014-02-02 19:28:37.654579,41.8785575020325,12.4791709525071
1096847,337,2014-02-02 19:28:53.178118,41.8772311380261,12.480631013999
1096922,337,2014-02-02 19:29:08.442125,41.8765281772985,12.4812011277088
1096981,337,2014-02-02 19:29:22.031513,41.8759129369188,12.4808177107112
1097053,337,2014-02-02 19:29:37.562378,41.8759113555743,12.4808161863626
1097120,337,2014-02-02 19:29:53.098093,41.8744621445225,12.4804727986142
1097193,337,2014-02-02 19:30:07.040826,41.8724945729851,12.4801700346749
1097260,337,2014-02-02 19:30:22.043566,41.872480839128,12.4801763102736
1097343,337,2014-02-02 19:30:37.828016,41.8724808392334,12.4801763101164
1097411,337,2014-02-02 19:30:52.494821,41.8724808392334,12.4801763101164
1097476,337,2014-02-02 19:31:08.452178,41.8723931328182,12.4801677478165
1097543,337,2014-02-02 19:31:21.862445,41.8698766832696,12.479767110377
1097618,337,2014-02-02 19:31:38.124999,41.8671182451036,12.4792895084814
1097691,337,2014-02-02 19:31:52.722654,41.8640246607996,12.4787721445441
1097761,337,2014-02-02 19:32:07.031487,41.8628956949733,12.4784594866464
1097832,337,2014-02-02 19:32:22.525388,41.8611131278788,12.4764653620353
1097904,337,2014-02-02 19:32:37.044328,41.859614360823,12.4749237767038
1097976,337,2014-02-02 19:32:52.029601,41.8587538684953,12.4741794427203
1098044,337,2014-02-02 19:33:06.857889,41.8571037181573,12.4738187898598
1098112,337,2014-02-02 19:33:21.954852,41.8569886286006,12.4744853437113
1098187,337,2014-02-02 19:33:37.500818,41.8567712755116,12.4771076421926
1098257,337,2014-02-02 19:33:52.045977,41.8567602500054,12.4772113065786
1098328,337,2014-02-02 19:34:06.972137,41.8567578160219,12.4772329558501
1098400,337,2014-02-02 19:34:22.897685,41.8566650016956,12.4785122284872
1098472,337,2014-02-02 19:34:37.338312,41.8560920458327,12.4786529897302
1098535,337,2014-02-02 19:34:52.025875,41.8539409134493,12.4782334644102
1098608,337,2014-02-02 19:35:06.992300,41.8526523436236,12.477843757155
1098676,337,2014-02-02 19:35:21.999192,41.8524053391438,12.4777456095833
1098748,337,2014-02-02 19:35:36.997751,41.8523778974101,12.4777329702669
1098814,337,2014-02-02 19:35:52.035535,41.8522249772077,12.4776746377351
1098889,337,2014-02-02 19:36:06.964150,41.8518664441756,12.4774545038338
1098958,337,2014-02-02 19:36:21.866455,41.8498041483181,12.4779123476948
1099042,337,2014-02-02 19:36:38.500805,41.8483086406138,12.4784343602646
1099105,337,2014-02-02 19:36:52.413617,41.8467184198358,12.4787951136981
1099170,337,2014-02-02 19:37:07.077690,41.8457976304254,12.4782909379748
1099240,337,2014-02-02 19:37:23.500181,41.8439668526057,12.4759449981995
1099308,337,2014-02-02 19:37:39.239647,41.8422971089776,12.4741540132705
1099366,337,2014-02-02 19:37:51.847997,41.8420018425632,12.472012072272
1099439,337,2014-02-02 19:38:07.037656,41.8427499378602,12.4692550130241
1099504,337,2014-02-02 19:38:22.037071,41.8435625053016,12.4660295834154
1099573,337,2014-02-02 19:38:37.042450,41.8425429747432,12.4635709288453
1099664,337,2014-02-02 19:38:57.155427,41.8417254608649,12.4630306254882
1099706,337,2014-02-02 19:39:07.048874,41.8415868056374,12.4629442395876
1099792,337,2014-02-02 19:39:26.053037,41.8413780836946,12.4627949678031
1099849,337,2014-02-02 19:39:38.479794,41.8409667746164,12.462486252667
1099907,337,2014-02-02 19:39:53.103747,41.8404843146983,12.4621655840887
1099974,337,2014-02-02 19:40:07.395752,41.8403021272681,12.4620201837324
1100046,337,2014-02-02 19:40:22.359803,41.8400115583463,12.4618038149482
1100107,337,2014-02-02 19:40:36.983576,41.8399351808973,12.4617375821779
1100176,337,2014-02-02 19:40:52.320116,41.8396823907931,12.4615657138005
1100240,337,2014-02-02 19:41:07.418921,41.839373683969,12.4613007358003
1100316,337,2014-02-02 19:41:23.530679,41.8389698812592,12.4608156937671
1100387,337,2014-02-02 19:41:39.449242,41.8386760194356,12.4603689783049
1100454,337,2014-02-02 19:41:53.478597,41.8385277740823,12.4599962219822
1100519,337,2014-02-02 19:42:08.213210,41.8385082837417,12.4596065573399
1100587,337,2014-02-02 19:42:22.633801,41.8385383913414,12.4594316685028
1100654,337,2014-02-02 19:42:37.036304,41.8385878819458,12.4592621494747
1100723,337,2014-02-02 19:42:53.443464,41.838684890475,12.4591068352995
1100787,337,2014-02-02 19:43:07.275895,41.8388463375741,12.4587893694216
1100858,337,2014-02-02 19:43:22.272275,41.8389787426068,12.4585332452254
1100927,337,2014-02-02 19:43:36.972610,41.8391403805113,12.4581858813424
1100993,337,2014-02-02 19:43:52.030987,41.8394220324259,12.4575927510406
1101070,337,2014-02-02 19:44:09.308647,41.8397269889423,12.4569900464302
1101136,337,2014-02-02 19:44:23.674892,41.8399395014533,12.4565462340956
1101195,337,2014-02-02 19:44:37.548534,41.8402845632485,12.4558799244313
1101265,337,2014-02-02 19:44:52.953566,41.840746043386,12.453779590693
1101335,337,2014-02-02 19:45:08.388310,41.8393273420607,12.451650075444
1101390,337,2014-02-02 19:45:22.058711,41.8369157489446,12.4498188866677
1101462,337,2014-02-02 19:45:37.370230,41.8352977351357,12.4478447842584
1101531,337,2014-02-02 19:45:53.554414,41.8345718327052,12.4467214673117
1101590,337,2014-02-02 19:46:07.051453,41.8336700362634,12.4452422012344
1101658,337,2014-02-02 19:46:22.021836,41.832432346844,12.4427042695681
1101720,337,2014-02-02 19:46:36.892535,41.8313042682299,12.4385276048508
1101787,337,2014-02-02 19:46:52.573131,41.8318505056276,12.4335712587097
1101854,337,2014-02-02 19:47:06.993584,41.8333734806579,12.4299275926491
1101918,337,2014-02-02 19:47:21.868449,41.8340919661587,12.4263701092294
1102011,337,2014-02-02 19:47:42.860840,41.8337888737632,12.4246887600502
1102012,337,2014-02-02 19:47:42.861528,41.8337888737632,12.4246887600502
1102037,337,2014-02-02 19:47:48.668395,41.8315689873811,12.4213766368043
1102108,337,2014-02-02 19:48:04.341510,41.8291664960276,12.4198155174962
1102181,337,2014-02-02 19:48:20.370987,41.826394600761,12.41986300942
1102250,337,2014-02-02 19:48:36.247482,41.8239500764849,12.4191536140036
1102318,337,2014-02-02 19:48:50.536157,41.8214443733449,12.4165357803094
1102386,337,2014-02-02 19:49:05.065761,41.8201929344231,12.411688713515
1102443,337,2014-02-02 19:49:19.072907,41.819845024,12.4073880265988
1102508,337,2014-02-02 19:49:33.774180,41.8194232827747,12.4026847476365
1102578,337,2014-02-02 19:49:48.761165,41.8189747639667,12.3975599896324
1102646,337,2014-02-02 19:50:03.697759,41.8184960486347,12.3917395176566
1102711,337,2014-02-02 19:50:18.848356,41.8179084297451,12.3853673980005
1102789,337,2014-02-02 19:50:35.305607,41.8173191654433,12.3789210011782
1102849,337,2014-02-02 19:50:48.677260,41.8167666277343,12.3727959310566
1102917,337,2014-02-02 19:51:04.772459,41.8162389164169,12.3669344506675
1102979,337,2014-02-02 19:51:18.796730,41.815715550408,12.3608180385503
1103057,337,2014-02-02 19:51:36.054347,41.8151836342213,12.3546806574966
1103112,337,2014-02-02 19:51:49.122230,41.8146302936058,12.3485372401866
1103175,337,2014-02-02 19:52:04.115947,41.8140678511644,12.3422315528413
1103248,337,2014-02-02 19:52:20.143872,41.8135004764281,12.3361670746023
1103310,337,2014-02-02 19:52:35.634867,41.8129491489314,12.3301862455047
1103392,337,2014-02-02 19:52:53.797926,41.8124330059443,12.3241860201928
1103440,337,2014-02-02 19:53:05.179535,41.8118490816447,12.3178854816462
1103515,337,2014-02-02 19:53:22.171817,41.8106827179759,12.3118431745654
1103550,337,2014-02-02 19:53:31.135684,41.8090826286708,12.3072839056624
1103551,337,2014-02-02 19:53:31.136379,41.8090826286708,12.3072839056624
1103562,337,2014-02-02 19:53:32.943426,41.8086349342647,12.3063079430599
1103625,337,2014-02-02 19:53:48.045557,41.8059946829812,12.301431317875
1103702,337,2014-02-02 19:54:05.291715,41.8043853416646,12.2985403234788
1103764,337,2014-02-02 19:54:19.866438,41.8034256797037,12.2968174312415
1103825,337,2014-02-02 19:54:33.349449,41.8025221279665,12.2951826314853
1103886,337,2014-02-02 19:54:49.138051,41.8015930877703,12.2934739943863
1103965,337,2014-02-02 19:55:05.395642,41.8006145677244,12.2917504457936
1104018,337,2014-02-02 19:55:18.384396,41.7997746166061,12.2902096677487
1104091,337,2014-02-02 19:55:33.353516,41.798605095052,12.2879931207975
1104166,337,2014-02-02 19:55:51.048570,41.7971997437787,12.2852277900842
1104221,337,2014-02-02 19:56:03.051901,41.7988063819768,12.2823841635406
1104286,337,2014-02-02 19:56:19.209926,41.8008352258145,12.2798463115664
1104355,337,2014-02-02 19:56:33.453020,41.7998443221712,12.2758792381421
1104417,337,2014-02-02 19:56:48.953489,41.7987016152722,12.2727572681382
1104487,337,2014-02-02 19:57:03.639716,41.797890463545,12.2746184143108
1104554,337,2014-02-02 19:57:18.489977,41.7957677451916,12.2755619646224
1104617,337,2014-02-02 19:57:33.633124,41.7951996537563,12.2768794591902
1135535,337,2014-02-02 22:24:37.145295,41.898605,12.4524293
1135536,337,2014-02-02 22:24:37.145979,41.898605,12.4524293
1135549,337,2014-02-02 22:24:41.799929,41.898605,12.4524293
1135595,337,2014-02-02 22:24:56.990648,41.89780363301,12.4545322657366
1135639,337,2014-02-02 22:25:11.796168,41.8987179329411,12.4546751816124
1135689,337,2014-02-02 22:25:27.581182,41.8988299422542,12.4546308794413
1135730,337,2014-02-02 22:25:41.922547,41.8988299422542,12.4546308794413
1135773,337,2014-02-02 22:25:57.246806,41.8988299422542,12.4546308794413
1135817,337,2014-02-02 22:26:11.921105,41.8988299422542,12.4546308794413
1135870,337,2014-02-02 22:26:27.313966,41.8988299422542,12.4546308794413
1135913,337,2014-02-02 22:26:43.040497,41.8991992660784,12.4543651364516
1135954,337,2014-02-02 22:26:56.836051,41.8997572244793,12.4539767289206
1136001,337,2014-02-02 22:27:11.905405,41.8996031662204,12.4533769139302
1136046,337,2014-02-02 22:27:27.309482,41.8995932390634,12.4533450126476
1136087,337,2014-02-02 22:27:41.838462,41.8990382717564,12.4519771260824
1136135,337,2014-02-02 22:27:56.941193,41.8982435098163,12.4509418854368
1136180,337,2014-02-02 22:28:11.922719,41.8965313653924,12.4497544362256
1136225,337,2014-02-02 22:28:26.978662,41.895299912076,12.4479947656706
1136272,337,2014-02-02 22:28:42.935071,41.8955054891138,12.445752240786
1136320,337,2014-02-02 22:28:59.493345,41.8962231940921,12.4429821567582
1136361,337,2014-02-02 22:29:12.986168,41.8962463640656,12.4404049429843
1136405,337,2014-02-02 22:29:27.222988,41.8958912523957,12.4400173163273
1136449,337,2014-02-02 22:29:42.362940,41.8958021413608,12.4400295457707
1136495,337,2014-02-02 22:29:56.974357,41.8957653789799,12.439926184755
1136537,337,2014-02-02 22:30:11.796359,41.8951408956974,12.4389214375072
1136578,337,2014-02-02 22:30:28.258145,41.8950816851248,12.4388250893583
1136618,337,2014-02-02 22:30:41.979306,41.8943097322083,12.4376858444589
1136662,337,2014-02-02 22:30:57.210160,41.8941693998318,12.4374326315797
1136711,337,2014-02-02 22:31:13.056427,41.8941745392459,12.4374385717213
1136759,337,2014-02-02 22:31:27.214021,41.8941745392459,12.4374385717213
1136803,337,2014-02-02 22:31:42.214610,41.8941745392459,12.4374385717213
1136847,337,2014-02-02 22:31:56.910719,41.8939202290236,12.4370154934723
1136889,337,2014-02-02 22:32:11.885081,41.8934970049311,12.434123435465
1136933,337,2014-02-02 22:32:26.885963,41.8945038244672,12.4307800160692
1136979,337,2014-02-02 22:32:41.874984,41.8957087296703,12.4292045620829
1137024,337,2014-02-02 22:32:56.786570,41.8977900122655,12.4280664536605
1137072,337,2014-02-02 22:33:13.530069,41.8982627697807,12.4276903145192
1137112,337,2014-02-02 22:33:27.395003,41.8982627697807,12.4276903145192
1137156,337,2014-02-02 22:33:43.185606,41.898291851396,12.4276757819258
1137195,337,2014-02-02 22:33:56.788455,41.898299168984,12.427677731521
1137245,337,2014-02-02 22:34:11.901891,41.8983024594567,12.4276802297991
1137289,337,2014-02-02 22:34:26.979356,41.8986368611032,12.4260619578
1137332,337,2014-02-02 22:34:41.899308,41.8975066984514,12.4219523139604
1137376,337,2014-02-02 22:34:58.342581,41.8957697510708,12.4185891427652
1137419,337,2014-02-02 22:35:12.237728,41.8938116413362,12.4156959905479
1137471,337,2014-02-02 22:35:30.413803,41.8916726513618,12.4135011825167
1137505,337,2014-02-02 22:35:42.834207,41.8912776109073,12.4132310275345
1137549,337,2014-02-02 22:35:58.061108,41.891206023524,12.4131735071342
1137588,337,2014-02-02 22:36:11.993862,41.8898476781196,12.4114243715407
1137632,337,2014-02-02 22:36:27.332772,41.8891057016516,12.4083047708426
1137676,337,2014-02-02 22:36:42.391291,41.8879131253876,12.4046053355502
1137724,337,2014-02-02 22:37:00.049735,41.8859173826451,12.4008435727684
1137760,337,2014-02-02 22:37:12.968507,41.8845896461283,12.3973722361777
1137799,337,2014-02-02 22:37:26.913789,41.8841447545235,12.3935216824685
1137846,337,2014-02-02 22:37:43.012848,41.8855136700019,12.3895404824107
1137891,337,2014-02-02 22:37:56.973765,41.8864664684149,12.3860150074775
1137933,337,2014-02-02 22:38:11.985174,41.8853040267803,12.3831053645827
1137986,337,2014-02-02 22:38:27.397726,41.8860732115154,12.3811276943901
1138023,337,2014-02-02 22:38:41.919173,41.8842063620539,12.3805448644452
1138068,337,2014-02-02 22:38:57.761508,41.8808439274447,12.3804117101224
1138114,337,2014-02-02 22:39:13.697549,41.8770104684681,12.3790215318278
1138154,337,2014-02-02 22:39:26.975874,41.8727354870253,12.3767159243396
1138204,337,2014-02-02 22:39:42.155062,41.8682856237146,12.3742656397493
1138248,337,2014-02-02 22:39:56.808302,41.8634340273916,12.3739527354621
1138292,337,2014-02-02 22:40:11.925657,41.8587129255904,12.3759830513036
1138339,337,2014-02-02 22:40:27.370659,41.8538769291095,12.3780390806564
1138380,337,2014-02-02 22:40:41.808562,41.8490365333706,12.3801498583587
1138437,337,2014-02-02 22:41:00.264818,41.8443204969405,12.382175592827
1138471,337,2014-02-02 22:41:11.925166,41.8396273351843,12.3839799181587
1138517,337,2014-02-02 22:41:27.485590,41.8348501629591,12.3855576853126
1138562,337,2014-02-02 22:41:43.741118,41.8302994006233,12.3868411544713
1138608,337,2014-02-02 22:41:59.141844,41.8268404282394,12.3876694349729
1138645,337,2014-02-02 22:42:11.915952,41.8239208594068,12.3886054387114
1138691,337,2014-02-02 22:42:27.376276,41.821623189171,12.3892855640714
1138736,337,2014-02-02 22:42:43.479273,41.8190644058003,12.388236939366
1138776,337,2014-02-02 22:42:57.752574,41.8181025256587,12.3837335698409
1138819,337,2014-02-02 22:43:12.524729,41.817347312549,12.3781678957723
1138858,337,2014-02-02 22:43:26.988841,41.8167242286793,12.3720862150983
1138904,337,2014-02-02 22:43:42.475610,41.8161758194348,12.3659088376952
1138942,337,2014-02-02 22:43:57.390659,41.8156334798184,12.3597217400829
1138983,337,2014-02-02 22:44:11.982540,41.8150573429915,12.3536327848474
1139032,337,2014-02-02 22:44:28.513232,41.8145378542986,12.3475767503754
1139071,337,2014-02-02 22:44:42.563508,41.8139722090709,12.3414456222727
1139122,337,2014-02-02 22:45:00.320484,41.8134184029691,12.3354377363631
1139154,337,2014-02-02 22:45:11.924843,41.8129078146603,12.3294864335171
1139199,337,2014-02-02 22:45:27.536523,41.8123860372176,12.3236237999497
1139248,337,2014-02-02 22:45:44.143391,41.8117970465247,12.3174796867509
1139287,337,2014-02-02 22:45:57.325015,41.8106418330522,12.3116097082868
1139327,337,2014-02-02 22:46:12.186340,41.8086357825447,12.3061872374399
1139374,337,2014-02-02 22:46:27.984028,41.8059509706244,12.3012913649695
1139414,337,2014-02-02 22:46:41.801730,41.8032163902612,12.29644738472
1139455,337,2014-02-02 22:46:56.884632,41.8005649513144,12.2916993484542
1139498,337,2014-02-02 22:47:12.124671,41.7980647205099,12.287147190235
1139543,337,2014-02-02 22:47:29.306010,41.7976357895345,12.2836244719372
1139581,337,2014-02-02 22:47:41.917579,41.8002996092905,12.2809651265182
1139624,337,2014-02-02 22:47:58.147116,41.8004239117598,12.2777969928941
1139664,337,2014-02-02 22:48:12.231916,41.7992373307115,12.2737860221152
1139719,337,2014-02-02 22:48:30.379483,41.7982705552768,12.2736023544342
1139750,337,2014-02-02 22:48:43.200654,41.7968873697044,12.275055439387
1139789,337,2014-02-02 22:48:57.508198,41.7949923990197,12.2760683970535
1139833,337,2014-02-02 22:49:12.365465,41.7953910963509,12.276911562323
1139873,337,2014-02-02 22:49:26.915711,41.7953669836535,12.2761375717565
1139912,337,2014-02-02 22:49:42.295874,41.7953669836535,12.2761375717565
1139956,337,2014-02-02 22:49:58.078430,41.7953669836535,12.2761375717565
1139997,337,2014-02-02 22:50:12.366044,41.7953669836535,12.2761375717565
1140042,337,2014-02-02 22:50:28.080861,41.7947238655295,12.2760613360667
1140083,337,2014-02-02 22:50:42.299151,41.7927067794828,12.2768983312719
1140121,337,2014-02-02 22:50:56.946979,41.7907777733259,12.2735906322531
1140167,337,2014-02-02 22:51:14.104581,41.7888672918344,12.2695041837599
1140206,337,2014-02-02 22:51:27.867782,41.7877267122693,12.2659152235542
1140260,337,2014-02-02 22:51:47.617778,41.7888852397401,12.262205697878
1140261,337,2014-02-02 22:51:47.618377,41.7888852397401,12.262205697878
1140265,337,2014-02-02 22:51:48.933866,41.7888852397401,12.262205697878
1140309,337,2014-02-02 22:52:03.858571,41.7896841026262,12.2599093614343
1140356,337,2014-02-02 22:52:20.392160,41.7898548369819,12.2580484182445
1140390,337,2014-02-02 22:52:33.812978,41.7917602276768,12.2574323690792
1140432,337,2014-02-02 22:52:49.319101,41.7939152283917,12.256602432205
1140473,337,2014-02-02 22:53:04.255774,41.794787659485,12.2542235242065
1140516,337,2014-02-02 22:53:18.861703,41.7951453686463,12.2518868565183
1140557,337,2014-02-02 22:53:33.790828,41.7941645491805,12.2500750951717
1140603,337,2014-02-02 22:53:49.933044,41.7941645491805,12.2500750951717
1140644,337,2014-02-02 22:54:03.836108,41.7945201104114,12.2505651734613
1140685,337,2014-02-02 22:54:19.200611,41.7946089384502,12.2507489060507
1140732,337,2014-02-02 22:54:35.082969,41.7946893894097,12.2509275090806
1486717,337,2014-03-02 16:48:31.751795,41.9581697759912,12.0660856101308
1486718,337,2014-03-02 16:48:31.752418,41.9581697759912,12.0660856101308
1486785,337,2014-03-02 16:48:39.211675,41.9581697759912,12.0660856101308
1486845,337,2014-03-02 16:48:46.220431,41.9581697759912,12.0660856101308
1486913,337,2014-03-02 16:48:53.214864,41.9581697759912,12.0660856101308
1486980,337,2014-03-02 16:49:00.852021,41.9581697759912,12.0660856101308
1487047,337,2014-03-02 16:49:08.165954,41.9581697759912,12.0660856101308
1487108,337,2014-03-02 16:49:15.135898,41.9581697759912,12.0660856101308
1487158,337,2014-03-02 16:49:21.236232,41.9581697759912,12.0660856101308
1487241,337,2014-03-02 16:49:30.190606,41.9581697759912,12.0660856101308
1487293,337,2014-03-02 16:49:35.538591,41.9581697759912,12.0660856101308
1487367,337,2014-03-02 16:49:42.559442,41.9581697759912,12.0660856101308
1487430,337,2014-03-02 16:49:49.538217,41.9581697759912,12.0660856101308
1487501,337,2014-03-02 16:49:57.744268,41.9581697759912,12.0660856101308
1487561,337,2014-03-02 16:50:05.117704,41.9581697759912,12.0660856101308
1487625,337,2014-03-02 16:50:10.554755,41.9581697759912,12.0660856101308
1487694,337,2014-03-02 16:50:18.355865,41.9581697759912,12.0660856101308
1487767,337,2014-03-02 16:50:26.350549,41.9581697759912,12.0660856101308
1487821,337,2014-03-02 16:50:31.562927,41.9581697759912,12.0660856101308
1487885,337,2014-03-02 16:50:40.266438,41.9581697759912,12.0660856101308
1487944,337,2014-03-02 16:50:45.575969,41.9581697759912,12.0660856101308
1488009,337,2014-03-02 16:50:52.334398,41.9581697759912,12.0660856101308
1488078,337,2014-03-02 16:50:59.594590,41.9581697759912,12.0660856101308
1488142,337,2014-03-02 16:51:06.696834,41.9581697759912,12.0660856101308
1488206,337,2014-03-02 16:51:14.007780,41.9581697759912,12.0660856101308
1488264,337,2014-03-02 16:51:20.097974,41.9581697759912,12.0660856101308
1488328,337,2014-03-02 16:51:27.138042,41.9581697759912,12.0660856101308
1488393,337,2014-03-02 16:51:34.449659,41.9581697759912,12.0660856101308
1488463,337,2014-03-02 16:51:42.176135,41.9581697759912,12.0660856101308
1488526,337,2014-03-02 16:51:50.331258,41.9581697759912,12.0660856101308
1488588,337,2014-03-02 16:51:55.464585,41.9581697759912,12.0660856101308
1488649,337,2014-03-02 16:52:02.502572,41.9581697759912,12.0660856101308
1488715,337,2014-03-02 16:52:09.878618,41.9581697759912,12.0660856101308
1488779,337,2014-03-02 16:52:16.466863,41.9581697759912,12.0660856101308
1488838,337,2014-03-02 16:52:23.447937,41.9581697759912,12.0660856101308
1488908,337,2014-03-02 16:52:31.298549,41.9581697759912,12.0660856101308
1488974,337,2014-03-02 16:52:38.881225,41.9581697759912,12.0660856101308
1489021,337,2014-03-02 16:52:44.448001,41.9581697759912,12.0660856101308
1489097,337,2014-03-02 16:52:52.059832,41.9581697759912,12.0660856101308
1489164,337,2014-03-02 16:53:00.058383,41.9581697759912,12.0660856101308
1489220,337,2014-03-02 16:53:05.086882,41.9581697759912,12.0660856101308
1489290,337,2014-03-02 16:53:12.458741,41.9581697759912,12.0660856101308
1489349,337,2014-03-02 16:53:19.569631,41.9581697759912,12.0660856101308
1489420,337,2014-03-02 16:53:27.038218,41.9581697759912,12.0660856101308
1489484,337,2014-03-02 16:53:34.368251,41.9581697759912,12.0660856101308
1489544,337,2014-03-02 16:53:40.686624,41.9581697759912,12.0660856101308
1489613,337,2014-03-02 16:53:48.221002,41.9581697759912,12.0660856101308
1489675,337,2014-03-02 16:53:55.442942,41.9581697759912,12.0660856101308
1489729,337,2014-03-02 16:54:01.447973,41.9581697759912,12.0660856101308
1489802,337,2014-03-02 16:54:08.462580,41.9581697759912,12.0660856101308
1489875,337,2014-03-02 16:54:16.465144,41.9581697759912,12.0660856101308
1489936,337,2014-03-02 16:54:22.603822,41.9581697759912,12.0660856101308
